#,Date-Time,DO,Temp,,,
1,8/12/2021 17:00,6.8,33.74,,,
2,8/12/2021 18:00,7.06,31.52,,,
3,8/12/2021 19:00,8.77,14.54,,,
4,8/12/2021 20:00,8.48,14.42,,,
5,8/12/2021 21:00,8.59,14.4,,,
6,8/12/2021 22:00,8.54,14.36,,,
7,8/12/2021 23:00,8.6,14.32,,,
8,8/13/2021 0:00,8.53,14.24,,,
9,8/13/2021 1:00,8.59,14.16,,,
10,8/13/2021 2:00,8.62,14.08,,,
11,8/13/2021 3:00,8.62,13.98,,,
12,8/13/2021 4:00,8.6,13.88,,,
13,8/13/2021 5:00,8.58,13.76,,,
14,8/13/2021 6:00,8.77,13.64,,,
15,8/13/2021 7:00,8.78,13.56,,,
16,8/13/2021 8:00,8.68,13.48,,,
17,8/13/2021 9:00,8.94,13.52,,,
18,8/13/2021 10:00,8.88,13.72,,,
19,8/13/2021 11:00,8.88,13.94,,,
20,8/13/2021 12:00,8.59,14.2,,,
21,8/13/2021 13:00,8.68,14.44,,,
22,8/13/2021 14:00,8.75,14.66,,,
23,8/13/2021 15:00,8.5,14.94,,,
24,8/13/2021 16:00,8.58,15.18,,,
25,8/13/2021 17:00,8.47,15.22,,,
26,8/13/2021 18:00,8.47,15.3,,,
27,8/13/2021 19:00,8.31,15.24,,,
28,8/13/2021 20:00,8.36,15.14,,,
29,8/13/2021 21:00,8.21,15.12,,,
30,8/13/2021 22:00,8.29,15.1,,,
31,8/13/2021 23:00,8.17,15.02,,,
32,8/14/2021 0:00,8.26,14.98,,,
33,8/14/2021 1:00,8.26,14.9,,,
34,8/14/2021 2:00,8.32,14.78,,,
35,8/14/2021 3:00,8.37,14.7,,,
36,8/14/2021 4:00,8.37,14.58,,,
37,8/14/2021 5:00,8.42,14.48,,,
38,8/14/2021 6:00,8.38,14.32,,,
39,8/14/2021 7:00,8.34,14.24,,,
40,8/14/2021 8:00,8.27,14.18,,,
41,8/14/2021 9:00,8.57,14.18,,,
42,8/14/2021 10:00,8.63,14.3,,,
43,8/14/2021 11:00,8.67,14.46,,,
44,8/14/2021 12:00,8.68,14.68,,,
45,8/14/2021 13:00,8.81,14.92,,,
46,8/14/2021 14:00,8.77,15.1,,,
47,8/14/2021 15:00,8.62,15.2,,,
48,8/14/2021 16:00,8.57,15.34,,,
49,8/14/2021 17:00,8.4,15.32,,,
50,8/14/2021 18:00,8.55,15.34,,,
51,8/14/2021 19:00,8.21,15.28,,,
52,8/14/2021 20:00,8.07,15.32,,,
53,8/14/2021 21:00,8.39,15.34,,,
54,8/14/2021 22:00,8.37,15.32,,,
55,8/14/2021 23:00,8.57,15.32,,,
56,8/15/2021 0:00,8.56,15.3,,,
57,8/15/2021 1:00,8.14,15.28,,,
58,8/15/2021 2:00,8.31,15.26,,,
59,8/15/2021 3:00,8.5,15.24,,,
60,8/15/2021 4:00,8.13,15.2,,,
61,8/15/2021 5:00,8.21,15.18,,,
62,8/15/2021 6:00,8.07,15.16,,,
63,8/15/2021 7:00,8.46,15.12,,,
64,8/15/2021 8:00,8.47,15.14,,,
65,8/15/2021 9:00,8.71,15.18,,,
66,8/15/2021 10:00,8.43,15.32,,,
67,8/15/2021 11:00,8.33,15.3,,,
68,8/15/2021 12:00,8.27,15.32,,,
69,8/15/2021 13:00,8.18,15.3,,,
70,8/15/2021 14:00,8.4,15.32,,,
71,8/15/2021 15:00,8.25,15.38,,,
72,8/15/2021 16:00,8.19,15.4,,,
73,8/15/2021 17:00,8.21,15.42,,,
74,8/15/2021 18:00,8.18,15.4,,,
75,8/15/2021 19:00,8.05,15.34,,,
76,8/15/2021 20:00,7.9,15.34,,,
77,8/15/2021 21:00,8.01,15.32,,,
78,8/15/2021 22:00,7.93,15.3,,,
79,8/15/2021 23:00,8.08,15.26,,,
80,8/16/2021 0:00,7.98,15.22,,,
81,8/16/2021 1:00,8.02,15.16,,,
82,8/16/2021 2:00,8.09,15.12,,,
83,8/16/2021 3:00,8.04,15.08,,,
84,8/16/2021 4:00,8.13,15.04,,,
85,8/16/2021 5:00,8.07,14.98,,,
86,8/16/2021 6:00,8.04,14.94,,,
87,8/16/2021 7:00,8.15,14.94,,,
88,8/16/2021 8:00,8.09,14.94,,,
89,8/16/2021 9:00,8.14,14.94,,,
90,8/16/2021 10:00,8.25,14.96,,,
91,8/16/2021 11:00,8.24,15.06,,,
92,8/16/2021 12:00,8.32,15.2,,,
93,8/16/2021 13:00,8.23,15.14,,,
94,8/16/2021 14:00,8.34,15.28,,,
95,8/16/2021 15:00,8.31,15.24,,,
96,8/16/2021 16:00,8.05,15.24,,,
97,8/16/2021 17:00,8.33,15.22,,,
98,8/16/2021 18:00,8.16,15.18,,,
99,8/16/2021 19:00,8.6,15.16,,,
100,8/16/2021 20:00,8.34,15.08,,,
101,8/16/2021 21:00,8.39,15.02,,,
102,8/16/2021 22:00,8.5,14.94,,,
103,8/16/2021 23:00,8.21,14.84,,,
104,8/17/2021 0:00,8.14,14.58,,,
105,8/17/2021 1:00,8.75,14.44,,,
106,8/17/2021 2:00,9.14,14.28,,,
107,8/17/2021 3:00,8.95,14.08,,,
108,8/17/2021 4:00,8.96,13.86,,,
109,8/17/2021 5:00,8.99,13.68,,,
110,8/17/2021 6:00,9.37,13.48,,,
111,8/17/2021 7:00,9.58,13.16,,,
112,8/17/2021 8:00,9.68,12.96,,,
113,8/17/2021 9:00,9.72,12.82,,,
114,8/17/2021 10:00,9.73,12.72,,,
115,8/17/2021 11:00,9.82,12.62,,,
116,8/17/2021 12:00,9.9,12.6,,,
117,8/17/2021 13:00,9.99,12.72,,,
118,8/17/2021 14:00,9.92,12.98,,,
119,8/17/2021 15:00,9.81,13.28,,,
120,8/17/2021 16:00,9.67,13.58,,,
121,8/17/2021 17:00,9.66,13.88,,,
122,8/17/2021 18:00,9.6,13.96,,,
123,8/17/2021 19:00,9.56,13.86,,,
124,8/17/2021 20:00,9.62,13.76,,,
125,8/17/2021 21:00,9.62,13.6,,,
126,8/17/2021 22:00,9.67,13.36,,,
127,8/17/2021 23:00,9.74,13.1,,,
128,8/18/2021 0:00,9.81,12.82,,,
129,8/18/2021 1:00,9.87,12.56,,,
130,8/18/2021 2:00,9.91,12.28,,,
131,8/18/2021 3:00,10,12,,,
132,8/18/2021 4:00,10.05,11.72,,,
133,8/18/2021 5:00,10.07,11.48,,,
134,8/18/2021 6:00,10.18,11.22,,,
135,8/18/2021 7:00,10.25,11.04,,,
136,8/18/2021 8:00,10.35,10.9,,,
137,8/18/2021 9:00,10.38,10.84,,,
138,8/18/2021 10:00,10.4,10.98,,,
139,8/18/2021 11:00,10.36,11.16,,,
140,8/18/2021 12:00,10.29,11.38,,,
141,8/18/2021 13:00,10.22,11.66,,,
142,8/18/2021 14:00,10.13,12.04,,,
143,8/18/2021 15:00,10.02,12.4,,,
144,8/18/2021 16:00,9.94,12.66,,,
145,8/18/2021 17:00,9.8,12.82,,,
146,8/18/2021 18:00,9.7,12.94,,,
147,8/18/2021 19:00,9.58,13.02,,,
148,8/18/2021 20:00,9.53,13.06,,,
149,8/18/2021 21:00,9.58,13.08,,,
150,8/18/2021 22:00,9.52,13.1,,,
151,8/18/2021 23:00,9.57,13.14,,,
152,8/19/2021 0:00,9.5,13.16,,,
153,8/19/2021 1:00,9.49,13.18,,,
154,8/19/2021 2:00,9.55,13.2,,,
155,8/19/2021 3:00,9.45,13.18,,,
156,8/19/2021 4:00,9.42,13.18,,,
157,8/19/2021 5:00,9.43,13.16,,,
158,8/19/2021 6:00,9.45,13.12,,,
159,8/19/2021 7:00,9.62,13.1,,,
160,8/19/2021 8:00,9.53,13.06,,,
161,8/19/2021 9:00,9.6,13.12,,,
162,8/19/2021 10:00,9.74,13.28,,,
163,8/19/2021 11:00,9.47,13.4,,,
164,8/19/2021 12:00,9.48,13.46,,,
165,8/19/2021 13:00,9.45,13.72,,,
166,8/19/2021 14:00,9.4,13.82,,,
167,8/19/2021 15:00,9.29,14.06,,,
168,8/19/2021 16:00,9.3,14.2,,,
169,8/19/2021 17:00,9.42,14.08,,,
170,8/19/2021 18:00,9.4,14.22,,,
171,8/19/2021 19:00,9.32,14.1,,,
172,8/19/2021 20:00,9.37,14.02,,,
173,8/19/2021 21:00,9.22,13.92,,,
174,8/19/2021 22:00,9.18,13.78,,,
175,8/19/2021 23:00,9.27,13.62,,,
176,8/20/2021 0:00,9.36,13.44,,,
177,8/20/2021 1:00,9.36,13.26,,,
178,8/20/2021 2:00,9.52,13.1,,,
179,8/20/2021 3:00,9.55,12.9,,,
180,8/20/2021 4:00,9.6,12.68,,,
181,8/20/2021 5:00,9.55,12.48,,,
182,8/20/2021 6:00,9.72,12.24,,,
183,8/20/2021 7:00,9.73,12.08,,,
184,8/20/2021 8:00,9.76,11.98,,,
185,8/20/2021 9:00,9.72,11.96,,,
186,8/20/2021 10:00,9.82,12.04,,,
187,8/20/2021 11:00,9.8,12.16,,,
188,8/20/2021 12:00,9.84,12.26,,,
189,8/20/2021 13:00,9.77,12.38,,,
190,8/20/2021 14:00,9.66,12.78,,,
191,8/20/2021 15:00,9.78,12.82,,,
192,8/20/2021 16:00,9.67,13.2,,,
193,8/20/2021 17:00,9.7,13.22,,,
194,8/20/2021 18:00,9.51,13.24,,,
195,8/20/2021 19:00,9.52,13.24,,,
196,8/20/2021 20:00,9.46,13.2,,,
197,8/20/2021 21:00,9.35,13.18,,,
198,8/20/2021 22:00,9.51,13.14,,,
199,8/20/2021 23:00,9.49,13.04,,,
200,8/21/2021 0:00,9.53,12.92,,,
201,8/21/2021 1:00,9.53,12.8,,,
202,8/21/2021 2:00,9.42,12.66,,,
203,8/21/2021 3:00,9.5,12.5,,,
204,8/21/2021 4:00,9.58,12.32,,,
205,8/21/2021 5:00,9.6,12.12,,,
206,8/21/2021 6:00,9.57,11.94,,,
207,8/21/2021 7:00,9.78,11.74,,,
208,8/21/2021 8:00,9.77,11.6,,,
209,8/21/2021 9:00,9.76,11.6,,,
210,8/21/2021 10:00,9.79,11.64,,,
211,8/21/2021 11:00,9.88,11.84,,,
212,8/21/2021 12:00,9.83,12.14,,,
213,8/21/2021 13:00,9.66,12.44,,,
214,8/21/2021 14:00,9.6,12.34,,,
215,8/21/2021 15:00,9.5,12.4,,,
216,8/21/2021 16:00,9.51,12.54,,,
217,8/21/2021 17:00,9.8,12.72,,,
218,8/21/2021 18:00,9.72,12.82,,,
219,8/21/2021 19:00,9.64,12.8,,,
220,8/21/2021 20:00,9.55,12.82,,,
221,8/21/2021 21:00,9.55,12.8,,,
222,8/21/2021 22:00,9.55,12.82,,,
223,8/21/2021 23:00,9.31,12.76,,,
224,8/22/2021 0:00,9.62,12.5,,,
225,8/22/2021 1:00,9.71,12.2,,,
226,8/22/2021 2:00,10.04,12.06,,,
227,8/22/2021 3:00,10.2,11.92,,,
228,8/22/2021 4:00,10.23,11.7,,,
229,8/22/2021 5:00,10.23,11.52,,,
230,8/22/2021 6:00,10.2,11.44,,,
231,8/22/2021 7:00,10.12,11.42,,,
232,8/22/2021 8:00,10.02,11.38,,,
233,8/22/2021 9:00,9.97,11.36,,,
234,8/22/2021 10:00,10.34,11.22,,,
235,8/22/2021 11:00,10.43,11.1,,,
236,8/22/2021 12:00,10.7,10.68,,,
237,8/22/2021 13:00,10.86,10.24,,,
238,8/22/2021 14:00,10.9,10.08,,,
239,8/22/2021 15:00,10.86,10,,,
240,8/22/2021 16:00,10.82,10.06,,,
241,8/22/2021 17:00,10.76,10.16,,,
242,8/22/2021 18:00,10.72,10.18,,,
243,8/22/2021 19:00,10.73,10.02,,,
244,8/22/2021 20:00,10.73,9.92,,,
245,8/22/2021 21:00,10.79,9.68,,,
246,8/22/2021 22:00,10.86,9.38,,,
247,8/22/2021 23:00,10.89,9.22,,,
248,8/23/2021 0:00,10.93,9.12,,,
249,8/23/2021 1:00,10.93,8.98,,,
250,8/23/2021 2:00,10.95,8.86,,,
251,8/23/2021 3:00,11,8.72,,,
252,8/23/2021 4:00,10.97,8.66,,,
253,8/23/2021 5:00,11.01,8.56,,,
254,8/23/2021 6:00,11,8.56,,,
255,8/23/2021 7:00,11.08,8.6,,,
256,8/23/2021 8:00,11.05,8.66,,,
257,8/23/2021 9:00,11.05,8.8,,,
258,8/23/2021 10:00,11.04,8.96,,,
259,8/23/2021 11:00,10.95,9.18,,,
260,8/23/2021 12:00,10.93,9.42,,,
261,8/23/2021 13:00,10.89,9.68,,,
262,8/23/2021 14:00,10.77,9.96,,,
263,8/23/2021 15:00,10.67,10.38,,,
264,8/23/2021 16:00,10.62,10.56,,,
265,8/23/2021 17:00,10.54,10.86,,,
266,8/23/2021 18:00,10.46,10.98,,,
267,8/23/2021 19:00,10.46,11.08,,,
268,8/23/2021 20:00,10.45,11.1,,,
269,8/23/2021 21:00,10.46,11.02,,,
270,8/23/2021 22:00,10.51,10.82,,,
271,8/23/2021 23:00,10.54,10.68,,,
272,8/24/2021 0:00,10.53,10.6,,,
273,8/24/2021 1:00,10.55,10.48,,,
274,8/24/2021 2:00,10.62,10.36,,,
275,8/24/2021 3:00,10.61,10.24,,,
276,8/24/2021 4:00,10.63,10.2,,,
277,8/24/2021 5:00,10.63,10.14,,,
278,8/24/2021 6:00,10.61,10.12,,,
279,8/24/2021 7:00,10.62,10.1,,,
280,8/24/2021 8:00,10.63,10.06,,,
281,8/24/2021 9:00,10.59,10.06,,,
282,8/24/2021 10:00,10.55,10.2,,,
283,8/24/2021 11:00,10.54,10.38,,,
284,8/24/2021 12:00,10.48,10.62,,,
285,8/24/2021 13:00,10.39,10.94,,,
286,8/24/2021 14:00,10.31,11.22,,,
287,8/24/2021 15:00,10.21,11.62,,,
288,8/24/2021 16:00,10.09,12.02,,,
289,8/24/2021 17:00,10.01,12.24,,,
290,8/24/2021 18:00,9.97,12.42,,,
291,8/24/2021 19:00,9.93,12.42,,,
292,8/24/2021 20:00,9.99,12.28,,,
293,8/24/2021 21:00,9.99,12.14,,,
294,8/24/2021 22:00,10.09,11.92,,,
295,8/24/2021 23:00,10.14,11.68,,,
296,8/25/2021 0:00,10.21,11.46,,,
297,8/25/2021 1:00,10.29,11.22,,,
298,8/25/2021 2:00,10.36,10.94,,,
299,8/25/2021 3:00,10.42,10.7,,,
300,8/25/2021 4:00,10.51,10.46,,,
301,8/25/2021 5:00,10.58,10.22,,,
302,8/25/2021 6:00,10.65,9.96,,,
303,8/25/2021 7:00,10.69,9.78,,,
304,8/25/2021 8:00,10.74,9.66,,,
305,8/25/2021 9:00,10.74,9.64,,,
306,8/25/2021 10:00,10.69,9.92,,,
307,8/25/2021 11:00,10.64,10.18,,,
308,8/25/2021 12:00,10.52,10.52,,,
309,8/25/2021 13:00,10.41,10.98,,,
310,8/25/2021 14:00,10.27,11.56,,,
311,8/25/2021 15:00,10.15,12.1,,,
312,8/25/2021 16:00,10.03,12.46,,,
313,8/25/2021 17:00,9.98,12.74,,,
314,8/25/2021 18:00,9.96,12.78,,,
315,8/25/2021 19:00,9.92,12.76,,,
316,8/25/2021 20:00,9.92,12.64,,,
317,8/25/2021 21:00,9.96,12.52,,,
318,8/25/2021 22:00,9.98,12.32,,,
319,8/25/2021 23:00,10.05,12.14,,,
320,8/26/2021 0:00,10.11,11.94,,,
321,8/26/2021 1:00,10.17,11.74,,,
322,8/26/2021 2:00,10.22,11.5,,,
323,8/26/2021 3:00,10.27,11.32,,,
324,8/26/2021 4:00,10.34,11.16,,,
325,8/26/2021 5:00,10.39,10.96,,,
326,8/26/2021 6:00,10.41,10.78,,,
327,8/26/2021 7:00,10.49,10.6,,,
328,8/26/2021 8:00,10.53,10.46,,,
329,8/26/2021 9:00,10.54,10.54,,,
330,8/26/2021 10:00,10.51,10.7,,,
331,8/26/2021 11:00,10.46,10.94,,,
332,8/26/2021 12:00,10.38,11.24,,,
333,8/26/2021 13:00,9.96,11.48,,,
334,8/26/2021 14:00,10.22,11.66,,,
335,8/26/2021 15:00,10.22,11.86,,,
336,8/26/2021 16:00,10.14,12.1,,,
337,8/26/2021 17:00,10.09,12.22,,,
338,8/26/2021 18:00,10.01,12.3,,,
339,8/26/2021 19:00,10.02,12.34,,,
340,8/26/2021 20:00,10.02,12.36,,,
341,8/26/2021 21:00,10.01,12.3,,,
342,8/26/2021 22:00,10.04,12.3,,,
343,8/26/2021 23:00,10.04,12.3,,,
344,8/27/2021 0:00,10.04,12.26,,,
345,8/27/2021 1:00,10.07,12.2,,,
346,8/27/2021 2:00,10.07,12.12,,,
347,8/27/2021 3:00,10.1,12.06,,,
348,8/27/2021 4:00,10.13,12,,,
349,8/27/2021 5:00,10.13,11.94,,,
350,8/27/2021 6:00,10.14,11.86,,,
351,8/27/2021 7:00,10.19,11.78,,,
352,8/27/2021 8:00,10.24,11.74,,,
353,8/27/2021 9:00,10.27,11.76,,,
354,8/27/2021 10:00,10.24,11.8,,,
355,8/27/2021 11:00,10.21,11.94,,,
356,8/27/2021 12:00,10.21,12.04,,,
357,8/27/2021 13:00,10.18,12.28,,,
358,8/27/2021 14:00,10.12,12.32,,,
359,8/27/2021 15:00,10.22,12.1,,,
360,8/27/2021 16:00,10.12,12.02,,,
361,8/27/2021 17:00,10.13,11.98,,,
362,8/27/2021 18:00,10.17,11.9,,,
363,8/27/2021 19:00,10.1,11.9,,,
364,8/27/2021 20:00,10.14,11.74,,,
365,8/27/2021 21:00,10.2,11.6,,,
366,8/27/2021 22:00,10.23,11.4,,,
367,8/27/2021 23:00,10.29,11.16,,,
368,8/28/2021 0:00,10.39,10.92,,,
369,8/28/2021 1:00,10.43,10.68,,,
370,8/28/2021 2:00,10.49,10.48,,,
371,8/28/2021 3:00,10.56,10.26,,,
372,8/28/2021 4:00,10.61,10.04,,,
373,8/28/2021 5:00,10.67,9.84,,,
374,8/28/2021 6:00,10.74,9.62,,,
375,8/28/2021 7:00,10.86,9.4,,,
376,8/28/2021 8:00,10.87,9.26,,,
377,8/28/2021 9:00,10.92,9.18,,,
378,8/28/2021 10:00,10.9,9.46,,,
379,8/28/2021 11:00,10.72,9.92,,,
380,8/28/2021 12:00,10.66,10.4,,,
381,8/28/2021 13:00,10.49,10.84,,,
382,8/28/2021 14:00,10.35,11.32,,,
383,8/28/2021 15:00,10.29,11.74,,,
384,8/28/2021 16:00,10.19,12.06,,,
385,8/28/2021 17:00,10.1,12.36,,,
386,8/28/2021 18:00,10,12.54,,,
387,8/28/2021 19:00,10,12.56,,,
388,8/28/2021 20:00,9.98,12.56,,,
389,8/28/2021 21:00,9.99,12.52,,,
390,8/28/2021 22:00,10.04,12.4,,,
391,8/28/2021 23:00,10.07,12.22,,,
392,8/29/2021 0:00,10.09,12.1,,,
393,8/29/2021 1:00,10.1,12.02,,,
394,8/29/2021 2:00,10.15,11.9,,,
395,8/29/2021 3:00,10.17,11.8,,,
396,8/29/2021 4:00,10.21,11.66,,,
397,8/29/2021 5:00,10.23,11.48,,,
398,8/29/2021 6:00,10.27,11.34,,,
399,8/29/2021 7:00,10.33,11.22,,,
400,8/29/2021 8:00,10.36,11.18,,,
401,8/29/2021 9:00,10.36,11.26,,,
402,8/29/2021 10:00,10.32,11.44,,,
403,8/29/2021 11:00,10.23,11.68,,,
404,8/29/2021 12:00,10.18,11.94,,,
405,8/29/2021 13:00,10.12,12.24,,,
406,8/29/2021 14:00,10,12.66,,,
407,8/29/2021 15:00,9.9,13.08,,,
408,8/29/2021 16:00,9.84,13.26,,,
409,8/29/2021 17:00,9.79,13.34,,,
410,8/29/2021 18:00,9.8,13.38,,,
411,8/29/2021 19:00,9.76,13.38,,,
412,8/29/2021 20:00,9.74,13.3,,,
413,8/29/2021 21:00,9.79,13.14,,,
414,8/29/2021 22:00,9.84,12.92,,,
415,8/29/2021 23:00,9.9,12.7,,,
416,8/30/2021 0:00,9.94,12.5,,,
417,8/30/2021 1:00,9.99,12.28,,,
418,8/30/2021 2:00,10.05,12.06,,,
419,8/30/2021 3:00,10.09,11.84,,,
420,8/30/2021 4:00,10.13,11.66,,,
421,8/30/2021 5:00,10.2,11.48,,,
422,8/30/2021 6:00,10.21,11.3,,,
423,8/30/2021 7:00,10.28,11.12,,,
424,8/30/2021 8:00,10.34,11,,,
425,8/30/2021 9:00,10.36,11.02,,,
426,8/30/2021 10:00,10.3,11.24,,,
427,8/30/2021 11:00,10.27,11.48,,,
428,8/30/2021 12:00,10.2,11.68,,,
429,8/30/2021 13:00,10.13,11.96,,,
430,8/30/2021 14:00,10.05,12.22,,,
431,8/30/2021 15:00,9.98,12.44,,,
432,8/30/2021 16:00,9.93,12.7,,,
433,8/30/2021 17:00,9.86,12.82,,,
434,8/30/2021 18:00,9.83,12.86,,,
435,8/30/2021 19:00,9.82,12.8,,,
436,8/30/2021 20:00,9.83,12.68,,,
437,8/30/2021 21:00,9.87,12.48,,,
438,8/30/2021 22:00,9.93,12.28,,,
439,8/30/2021 23:00,9.94,12.14,,,
440,8/31/2021 0:00,10,12.06,,,
441,8/31/2021 1:00,10.02,11.98,,,
442,8/31/2021 2:00,10.03,11.88,,,
443,8/31/2021 3:00,10.08,11.66,,,
444,8/31/2021 4:00,10.18,11.34,,,
445,8/31/2021 5:00,10.23,11.14,,,
446,8/31/2021 6:00,10.25,11.02,,,
447,8/31/2021 7:00,10.29,10.94,,,
448,8/31/2021 8:00,10.31,10.88,,,
449,8/31/2021 9:00,10.33,10.82,,,
450,8/31/2021 10:00,10.35,10.82,,,
451,8/31/2021 11:00,10.36,10.76,,,
452,8/31/2021 12:00,10.43,10.74,,,
453,8/31/2021 13:00,10.46,10.62,,,
454,8/31/2021 14:00,10.5,10.52,,,
455,8/31/2021 15:00,10.52,10.42,,,
456,8/31/2021 16:00,10.52,10.34,,,
457,8/31/2021 17:00,10.53,10.24,,,
458,8/31/2021 18:00,10.6,10.14,,,
459,8/31/2021 19:00,10.58,10.04,,,
460,8/31/2021 20:00,10.58,9.92,,,
461,8/31/2021 21:00,10.62,9.84,,,
462,8/31/2021 22:00,10.59,9.76,,,
463,8/31/2021 23:00,10.62,9.58,,,
464,9/1/2021 0:00,10.67,9.44,,,
465,9/1/2021 1:00,10.62,9.32,,,
466,9/1/2021 2:00,10.69,9.24,,,
467,9/1/2021 3:00,10.75,9.18,,,
468,9/1/2021 4:00,10.74,9.12,,,
469,9/1/2021 5:00,10.77,9.1,,,
470,9/1/2021 6:00,10.8,9.08,,,
471,9/1/2021 7:00,10.82,9.08,,,
472,9/1/2021 8:00,10.81,9.1,,,
473,9/1/2021 9:00,10.87,9.12,,,
474,9/1/2021 10:00,10.86,9.18,,,
475,9/1/2021 11:00,10.74,9.36,,,
476,9/1/2021 12:00,10.8,9.56,,,
477,9/1/2021 13:00,10.75,9.78,,,
478,9/1/2021 14:00,10.64,10.1,,,
479,9/1/2021 15:00,10.55,10.38,,,
480,9/1/2021 16:00,10.53,10.58,,,
481,9/1/2021 17:00,10.49,10.74,,,
482,9/1/2021 18:00,10.44,10.9,,,
483,9/1/2021 19:00,10.44,10.82,,,
484,9/1/2021 20:00,10.48,10.68,,,
485,9/1/2021 21:00,10.46,10.48,,,
486,9/1/2021 22:00,10.51,10.28,,,
487,9/1/2021 23:00,10.58,10.06,,,
488,9/2/2021 0:00,10.63,9.82,,,
489,9/2/2021 1:00,10.67,9.66,,,
490,9/2/2021 2:00,10.67,9.5,,,
491,9/2/2021 3:00,10.73,9.44,,,
492,9/2/2021 4:00,10.75,9.38,,,
493,9/2/2021 5:00,10.76,9.34,,,
494,9/2/2021 6:00,10.77,9.28,,,
495,9/2/2021 7:00,10.79,9.22,,,
496,9/2/2021 8:00,10.87,9.16,,,
497,9/2/2021 9:00,10.77,9.24,,,
498,9/2/2021 10:00,10.82,9.38,,,
499,9/2/2021 11:00,10.75,9.52,,,
500,9/2/2021 12:00,10.76,9.64,,,
501,9/2/2021 13:00,10.66,9.9,,,
502,9/2/2021 14:00,10.56,10.26,,,
503,9/2/2021 15:00,10.44,10.7,,,
504,9/2/2021 16:00,10.33,11.08,,,
505,9/2/2021 17:00,10.29,11.32,,,
506,9/2/2021 18:00,10.13,11.48,,,
507,9/2/2021 19:00,10.19,11.48,,,
508,9/2/2021 20:00,10.13,11.38,,,
509,9/2/2021 21:00,10.21,11.28,,,
510,9/2/2021 22:00,10.29,11.1,,,
511,9/2/2021 23:00,10.4,10.9,,,
512,9/3/2021 0:00,10.4,10.68,,,
513,9/3/2021 1:00,10.51,10.48,,,
514,9/3/2021 2:00,10.6,10.24,,,
515,9/3/2021 3:00,10.62,9.98,,,
516,9/3/2021 4:00,10.73,9.74,,,
517,9/3/2021 5:00,10.74,9.52,,,
518,9/3/2021 6:00,10.86,9.28,,,
519,9/3/2021 7:00,10.9,9.08,,,
520,9/3/2021 8:00,10.96,8.9,,,
521,9/3/2021 9:00,10.98,8.76,,,
522,9/3/2021 10:00,10.94,8.98,,,
523,9/3/2021 11:00,10.85,9.36,,,
524,9/3/2021 12:00,10.72,9.72,,,
525,9/3/2021 13:00,10.64,10.16,,,
526,9/3/2021 14:00,10.53,10.68,,,
527,9/3/2021 15:00,10.38,11.16,,,
528,9/3/2021 16:00,10.24,11.56,,,
529,9/3/2021 17:00,10.22,11.76,,,
530,9/3/2021 18:00,10.2,11.82,,,
531,9/3/2021 19:00,10.15,11.84,,,
532,9/3/2021 20:00,10.18,11.7,,,
533,9/3/2021 21:00,10.2,11.58,,,
534,9/3/2021 22:00,10.2,11.52,,,
535,9/3/2021 23:00,10.25,11.44,,,
536,9/4/2021 0:00,10.28,11.34,,,
537,9/4/2021 1:00,10.3,11.2,,,
538,9/4/2021 2:00,10.34,11.02,,,
539,9/4/2021 3:00,10.42,10.86,,,
540,9/4/2021 4:00,10.43,10.7,,,
541,9/4/2021 5:00,10.5,10.48,,,
542,9/4/2021 6:00,10.56,10.26,,,
543,9/4/2021 7:00,10.63,10.06,,,
544,9/4/2021 8:00,10.7,9.92,,,
545,9/4/2021 9:00,10.69,9.96,,,
546,9/4/2021 10:00,10.58,10.24,,,
547,9/4/2021 11:00,10.53,10.58,,,
548,9/4/2021 12:00,10.45,10.98,,,
549,9/4/2021 13:00,10.34,11.3,,,
550,9/4/2021 14:00,10.27,11.58,,,
551,9/4/2021 15:00,10.23,11.8,,,
552,9/4/2021 16:00,10.18,11.96,,,
553,9/4/2021 17:00,10.15,12.02,,,
554,9/4/2021 18:00,10.13,12.02,,,
555,9/4/2021 19:00,10.12,11.98,,,
556,9/4/2021 20:00,10.12,11.92,,,
557,9/4/2021 21:00,10.12,11.9,,,
558,9/4/2021 22:00,10.17,11.82,,,
559,9/4/2021 23:00,10.15,11.72,,,
560,9/5/2021 0:00,10.14,11.66,,,
561,9/5/2021 1:00,10.17,11.62,,,
562,9/5/2021 2:00,10.15,11.58,,,
563,9/5/2021 3:00,10.21,11.58,,,
564,9/5/2021 4:00,10.2,11.58,,,
565,9/5/2021 5:00,10.21,11.58,,,
566,9/5/2021 6:00,10.17,11.58,,,
567,9/5/2021 7:00,10.22,11.54,,,
568,9/5/2021 8:00,10.23,11.56,,,
569,9/5/2021 9:00,10.24,11.66,,,
570,9/5/2021 10:00,10.22,11.7,,,
571,9/5/2021 11:00,10.12,11.86,,,
572,9/5/2021 12:00,10.17,12.1,,,
573,9/5/2021 13:00,10.05,12.4,,,
574,9/5/2021 14:00,9.98,12.68,,,
575,9/5/2021 15:00,9.91,12.88,,,
576,9/5/2021 16:00,9.88,12.98,,,
577,9/5/2021 17:00,9.86,13.1,,,
578,9/5/2021 18:00,9.79,13.1,,,
579,9/5/2021 19:00,9.82,13.1,,,
580,9/5/2021 20:00,9.81,12.94,,,
581,9/5/2021 21:00,9.87,12.72,,,
582,9/5/2021 22:00,9.9,12.6,,,
583,9/5/2021 23:00,9.9,12.58,,,
584,9/6/2021 0:00,9.9,12.56,,,
585,9/6/2021 1:00,9.98,12.4,,,
586,9/6/2021 2:00,10.01,12.26,,,
587,9/6/2021 3:00,10.01,12.16,,,
588,9/6/2021 4:00,10.07,12.06,,,
589,9/6/2021 5:00,10.08,11.9,,,
590,9/6/2021 6:00,10.2,11.72,,,
591,9/6/2021 7:00,10.22,11.52,,,
592,9/6/2021 8:00,10.34,11.26,,,
593,9/6/2021 9:00,10.4,11.14,,,
594,9/6/2021 10:00,10.39,11.06,,,
595,9/6/2021 11:00,10.43,11.14,,,
596,9/6/2021 12:00,10.35,11.3,,,
597,9/6/2021 13:00,10.32,11.52,,,
598,9/6/2021 14:00,10.22,11.78,,,
599,9/6/2021 15:00,10.18,11.98,,,
600,9/6/2021 16:00,10.14,12.02,,,
601,9/6/2021 17:00,10.13,12.14,,,
602,9/6/2021 18:00,10.07,12.36,,,
603,9/6/2021 19:00,10.02,12.4,,,
604,9/6/2021 20:00,10.07,12.32,,,
605,9/6/2021 21:00,10.09,12.22,,,
606,9/6/2021 22:00,10.09,12.16,,,
607,9/6/2021 23:00,10.11,12.12,,,
608,9/7/2021 0:00,10.15,12.1,,,
609,9/7/2021 1:00,10.14,12.04,,,
610,9/7/2021 2:00,10.17,11.9,,,
611,9/7/2021 3:00,10.24,11.72,,,
612,9/7/2021 4:00,10.3,11.52,,,
613,9/7/2021 5:00,10.35,11.28,,,
614,9/7/2021 6:00,10.42,11.1,,,
615,9/7/2021 7:00,10.46,10.88,,,
616,9/7/2021 8:00,10.52,10.68,,,
617,9/7/2021 9:00,10.6,10.54,,,
618,9/7/2021 10:00,10.53,10.68,,,
619,9/7/2021 11:00,10.48,11,,,
620,9/7/2021 12:00,10.42,11.26,,,
621,9/7/2021 13:00,10.34,11.56,,,
622,9/7/2021 14:00,10.25,11.92,,,
623,9/7/2021 15:00,10.1,12.38,,,
624,9/7/2021 16:00,10.02,12.78,,,
625,9/7/2021 17:00,9.9,13.12,,,
626,9/7/2021 18:00,9.84,13.3,,,
627,9/7/2021 19:00,9.79,13.36,,,
628,9/7/2021 20:00,9.81,13.32,,,
629,9/7/2021 21:00,9.82,13.24,,,
630,9/7/2021 22:00,9.84,13.14,,,
631,9/7/2021 23:00,9.86,13.04,,,
632,9/8/2021 0:00,9.9,12.96,,,
633,9/8/2021 1:00,9.9,12.9,,,
634,9/8/2021 2:00,9.94,12.8,,,
635,9/8/2021 3:00,9.97,12.68,,,
636,9/8/2021 4:00,10,12.54,,,
637,9/8/2021 5:00,9.99,12.46,,,
638,9/8/2021 6:00,9.99,12.4,,,
639,9/8/2021 7:00,9.99,12.38,,,
640,9/8/2021 8:00,10.01,12.42,,,
641,9/8/2021 9:00,9.98,12.44,,,
642,9/8/2021 10:00,9.99,12.46,,,
643,9/8/2021 11:00,10.05,12.46,,,
644,9/8/2021 12:00,10.02,12.58,,,
645,9/8/2021 13:00,9.97,12.64,,,
646,9/8/2021 14:00,9.99,12.7,,,
647,9/8/2021 15:00,9.96,12.8,,,
648,9/8/2021 16:00,9.91,12.92,,,
649,9/8/2021 17:00,9.84,13.02,,,
650,9/8/2021 18:00,9.86,13.1,,,
651,9/8/2021 19:00,9.79,13.12,,,
652,9/8/2021 20:00,9.81,13.14,,,
653,9/8/2021 21:00,9.8,13.12,,,
654,9/8/2021 22:00,9.8,13.08,,,
655,9/8/2021 23:00,9.79,13.04,,,
656,9/9/2021 0:00,9.83,13,,,
657,9/9/2021 1:00,9.79,12.96,,,
658,9/9/2021 2:00,9.84,12.92,,,
659,9/9/2021 3:00,9.83,12.86,,,
660,9/9/2021 4:00,9.83,12.78,,,
661,9/9/2021 5:00,9.87,12.68,,,
662,9/9/2021 6:00,9.89,12.62,,,
663,9/9/2021 7:00,9.92,12.58,,,
664,9/9/2021 8:00,10,12.46,,,
665,9/9/2021 9:00,10.01,12.4,,,
666,9/9/2021 10:00,10.04,12.42,,,
667,9/9/2021 11:00,9.99,12.54,,,
668,9/9/2021 12:00,9.94,12.78,,,
669,9/9/2021 13:00,9.89,13,,,
670,9/9/2021 14:00,9.82,13.2,,,
671,9/9/2021 15:00,9.76,13.34,,,
672,9/9/2021 16:00,9.78,13.42,,,
673,9/9/2021 17:00,9.76,13.4,,,
674,9/9/2021 18:00,9.73,13.42,,,
675,9/9/2021 19:00,9.7,13.4,,,
676,9/9/2021 20:00,9.76,13.32,,,
677,9/9/2021 21:00,9.76,13.2,,,
678,9/9/2021 22:00,9.76,13.1,,,
679,9/9/2021 23:00,9.82,12.94,,,
680,9/10/2021 0:00,9.87,12.78,,,
681,9/10/2021 1:00,9.91,12.62,,,
682,9/10/2021 2:00,9.93,12.54,,,
683,9/10/2021 3:00,9.98,12.38,,,
684,9/10/2021 4:00,10.03,12.22,,,
685,9/10/2021 5:00,10.07,12.04,,,
686,9/10/2021 6:00,10.05,11.9,,,
687,9/10/2021 7:00,10.15,11.78,,,
688,9/10/2021 8:00,10.18,11.76,,,
689,9/10/2021 9:00,10.2,11.76,,,
690,9/10/2021 10:00,10.19,11.74,,,
691,9/10/2021 11:00,10.19,11.74,,,
692,9/10/2021 12:00,10.18,11.88,,,
693,9/10/2021 13:00,10.11,12.14,,,
694,9/10/2021 14:00,10.02,12.44,,,
695,9/10/2021 15:00,9.98,12.7,,,
696,9/10/2021 16:00,9.9,12.84,,,
697,9/10/2021 17:00,9.88,13,,,
698,9/10/2021 18:00,9.79,13.1,,,
699,9/10/2021 19:00,9.72,13.24,,,
700,9/10/2021 20:00,9.7,13.22,,,
701,9/10/2021 21:00,9.73,13.12,,,
702,9/10/2021 22:00,9.8,12.92,,,
703,9/10/2021 23:00,9.87,12.74,,,
704,9/11/2021 0:00,9.88,12.6,,,
705,9/11/2021 1:00,9.92,12.48,,,
706,9/11/2021 2:00,9.91,12.38,,,
707,9/11/2021 3:00,9.98,12.32,,,
708,9/11/2021 4:00,10,12.24,,,
709,9/11/2021 5:00,10,12.14,,,
710,9/11/2021 6:00,10.04,12,,,
711,9/11/2021 7:00,10.11,11.88,,,
712,9/11/2021 8:00,10.15,11.86,,,
713,9/11/2021 9:00,10.18,11.88,,,
714,9/11/2021 10:00,10.17,11.98,,,
715,9/11/2021 11:00,10.12,12.08,,,
716,9/11/2021 12:00,10.1,12.24,,,
717,9/11/2021 13:00,10.09,12.5,,,
718,9/11/2021 14:00,10.04,12.64,,,
719,9/11/2021 15:00,9.93,12.86,,,
720,9/11/2021 16:00,9.93,13.08,,,
721,9/11/2021 17:00,9.86,13.22,,,
722,9/11/2021 18:00,9.78,13.3,,,
723,9/11/2021 19:00,9.68,13.34,,,
724,9/11/2021 20:00,9.71,13.28,,,
725,9/11/2021 21:00,9.71,13.2,,,
726,9/11/2021 22:00,9.78,13.08,,,
727,9/11/2021 23:00,9.82,13,,,
728,9/12/2021 0:00,9.81,12.94,,,
729,9/12/2021 1:00,9.88,12.86,,,
730,9/12/2021 2:00,9.87,12.8,,,
731,9/12/2021 3:00,9.9,12.76,,,
732,9/12/2021 4:00,9.89,12.74,,,
733,9/12/2021 5:00,9.84,12.68,,,
734,9/12/2021 6:00,9.92,12.62,,,
735,9/12/2021 7:00,9.96,12.54,,,
736,9/12/2021 8:00,9.98,12.48,,,
737,9/12/2021 9:00,10.05,12.5,,,
738,9/12/2021 10:00,10.08,12.56,,,
739,9/12/2021 11:00,10.08,12.62,,,
740,9/12/2021 12:00,10.08,12.64,,,
741,9/12/2021 13:00,10.07,12.7,,,
742,9/12/2021 14:00,10.01,12.66,,,
743,9/12/2021 15:00,10.02,12.9,,,
744,9/12/2021 16:00,9.9,12.9,,,
745,9/12/2021 17:00,9.92,12.88,,,
746,9/12/2021 18:00,9.91,12.78,,,
747,9/12/2021 19:00,9.91,12.74,,,
748,9/12/2021 20:00,9.98,12.52,,,
749,9/12/2021 21:00,10.09,12.14,,,
750,9/12/2021 22:00,10.14,11.78,,,
751,9/12/2021 23:00,10.25,11.46,,,
752,9/13/2021 0:00,10.33,11.12,,,
753,9/13/2021 1:00,10.44,10.8,,,
754,9/13/2021 2:00,10.55,10.48,,,
755,9/13/2021 3:00,10.64,10.2,,,
756,9/13/2021 4:00,10.71,9.88,,,
757,9/13/2021 5:00,10.84,9.58,,,
758,9/13/2021 6:00,10.89,9.3,,,
759,9/13/2021 7:00,11.01,9.04,,,
760,9/13/2021 8:00,11.11,8.78,,,
761,9/13/2021 9:00,11.17,8.66,,,
762,9/13/2021 10:00,11.16,8.68,,,
763,9/13/2021 11:00,11.14,8.86,,,
764,9/13/2021 12:00,11.08,9.12,,,
765,9/13/2021 13:00,10.97,9.46,,,
766,9/13/2021 14:00,10.9,9.74,,,
767,9/13/2021 15:00,10.8,10.02,,,
768,9/13/2021 16:00,10.7,10.36,,,
769,9/13/2021 17:00,10.62,10.58,,,
770,9/13/2021 18:00,10.54,10.76,,,
771,9/13/2021 19:00,10.44,10.82,,,
772,9/13/2021 20:00,10.4,10.78,,,
773,9/13/2021 21:00,10.43,10.64,,,
774,9/13/2021 22:00,10.49,10.44,,,
775,9/13/2021 23:00,10.53,10.28,,,
776,9/14/2021 0:00,10.56,10.16,,,
777,9/14/2021 1:00,10.54,10.06,,,
778,9/14/2021 2:00,10.6,9.9,,,
779,9/14/2021 3:00,10.64,9.72,,,
780,9/14/2021 4:00,10.67,9.52,,,
781,9/14/2021 5:00,10.71,9.3,,,
782,9/14/2021 6:00,10.76,9.06,,,
783,9/14/2021 7:00,10.86,8.86,,,
784,9/14/2021 8:00,10.95,8.74,,,
785,9/14/2021 9:00,10.9,8.74,,,
786,9/14/2021 10:00,10.92,8.8,,,
787,9/14/2021 11:00,10.92,9,,,
788,9/14/2021 12:00,10.83,9.16,,,
789,9/14/2021 13:00,10.74,9.34,,,
790,9/14/2021 14:00,10.64,9.5,,,
791,9/14/2021 15:00,10.66,9.64,,,
792,9/14/2021 16:00,10.65,9.72,,,
793,9/14/2021 17:00,10.59,9.84,,,
794,9/14/2021 18:00,10.59,9.92,,,
795,9/14/2021 19:00,10.56,10,,,
796,9/14/2021 20:00,10.54,10.04,,,
797,9/14/2021 21:00,10.54,10.06,,,
798,9/14/2021 22:00,10.49,10.12,,,
799,9/14/2021 23:00,10.52,10.16,,,
800,9/15/2021 0:00,10.51,10.18,,,
801,9/15/2021 1:00,10.46,10.12,,,
802,9/15/2021 2:00,10.46,9.98,,,
803,9/15/2021 3:00,10.5,9.86,,,
804,9/15/2021 4:00,10.6,9.68,,,
805,9/15/2021 5:00,10.64,9.56,,,
806,9/15/2021 6:00,10.7,9.44,,,
807,9/15/2021 7:00,10.7,9.34,,,
808,9/15/2021 8:00,10.8,9.1,,,
809,9/15/2021 9:00,10.9,8.86,,,
810,9/15/2021 10:00,10.98,8.72,,,
811,9/15/2021 11:00,10.94,8.68,,,
812,9/15/2021 12:00,10.98,8.76,,,
813,9/15/2021 13:00,10.98,8.74,,,
814,9/15/2021 14:00,10.92,8.78,,,
815,9/15/2021 15:00,10.94,8.86,,,
816,9/15/2021 16:00,10.87,9,,,
817,9/15/2021 17:00,10.82,9.04,,,
818,9/15/2021 18:00,10.86,8.92,,,
819,9/15/2021 19:00,10.87,8.8,,,
820,9/15/2021 20:00,10.96,8.58,,,
821,9/15/2021 21:00,11.01,8.26,,,
822,9/15/2021 22:00,11.08,7.98,,,
823,9/15/2021 23:00,11.22,7.76,,,
824,9/16/2021 0:00,11.22,7.58,,,
825,9/16/2021 1:00,11.31,7.44,,,
826,9/16/2021 2:00,11.37,7.28,,,
827,9/16/2021 3:00,11.42,7.08,,,
828,9/16/2021 4:00,11.42,6.9,,,
829,9/16/2021 5:00,11.55,6.72,,,
830,9/16/2021 6:00,11.58,6.54,,,
831,9/16/2021 7:00,11.67,6.36,,,
832,9/16/2021 8:00,11.78,6.24,,,
833,9/16/2021 9:00,11.75,6.08,,,
834,9/16/2021 10:00,11.86,6.04,,,
835,9/16/2021 11:00,11.77,6.38,,,
836,9/16/2021 12:00,11.67,6.76,,,
837,9/16/2021 13:00,11.57,7.12,,,
838,9/16/2021 14:00,11.46,7.44,,,
839,9/16/2021 15:00,11.35,7.64,,,
840,9/16/2021 16:00,11.31,7.82,,,
841,9/16/2021 17:00,11.28,8.02,,,
842,9/16/2021 18:00,11.22,8,,,
843,9/16/2021 19:00,11.22,8,,,
844,9/16/2021 20:00,11.18,7.92,,,
845,9/16/2021 21:00,11.18,7.76,,,
846,9/16/2021 22:00,11.27,7.6,,,
847,9/16/2021 23:00,11.36,7.46,,,
848,9/17/2021 0:00,11.36,7.36,,,
849,9/17/2021 1:00,11.38,7.26,,,
850,9/17/2021 2:00,11.42,7.16,,,
851,9/17/2021 3:00,11.43,7.12,,,
852,9/17/2021 4:00,11.31,7.1,,,
853,9/17/2021 5:00,11.35,7,,,
854,9/17/2021 6:00,11.43,6.94,,,
855,9/17/2021 7:00,11.35,6.92,,,
856,9/17/2021 8:00,11.31,6.98,,,
857,9/17/2021 9:00,11.32,7.22,,,
858,9/17/2021 10:00,11.35,7.3,,,
859,9/17/2021 11:00,11.31,7.36,,,
860,9/17/2021 12:00,11.22,7.4,,,
861,9/17/2021 13:00,11.2,7.46,,,
862,9/17/2021 14:00,11.18,7.48,,,
863,9/17/2021 15:00,11.22,7.42,,,
864,9/17/2021 16:00,11.25,7.3,,,
865,9/17/2021 17:00,11.22,7.14,,,
866,9/17/2021 18:00,11.16,6.98,,,
867,9/17/2021 19:00,11.32,6.84,,,
868,9/17/2021 20:00,11.42,6.74,,,
869,9/17/2021 21:00,11.43,6.66,,,
870,9/17/2021 22:00,11.43,6.64,,,
871,9/17/2021 23:00,11.35,6.64,,,
872,9/18/2021 0:00,11.41,6.64,,,
873,9/18/2021 1:00,11.42,6.66,,,
874,9/18/2021 2:00,11.37,6.7,,,
875,9/18/2021 3:00,11.45,6.78,,,
876,9/18/2021 4:00,11.41,6.92,,,
877,9/18/2021 5:00,11.44,7.16,,,
878,9/18/2021 6:00,11.44,7.4,,,
879,9/18/2021 7:00,11.43,7.54,,,
880,9/18/2021 8:00,11.38,7.68,,,
881,9/18/2021 9:00,11.37,7.68,,,
882,9/18/2021 10:00,11.31,7.82,,,
883,9/18/2021 11:00,11.25,8.06,,,
884,9/18/2021 12:00,11.13,8.36,,,
885,9/18/2021 13:00,11.05,8.66,,,
886,9/18/2021 14:00,11.03,8.76,,,
887,9/18/2021 15:00,10.96,9,,,
888,9/18/2021 16:00,10.93,8.98,,,
889,9/18/2021 17:00,10.93,9,,,
890,9/18/2021 18:00,10.93,8.94,,,
891,9/18/2021 19:00,11.03,8.66,,,
892,9/18/2021 20:00,11.12,8.4,,,
893,9/18/2021 21:00,11.2,8.22,,,
894,9/18/2021 22:00,11.26,8.02,,,
895,9/18/2021 23:00,11.28,7.9,,,
896,9/19/2021 0:00,11.31,7.76,,,
897,9/19/2021 1:00,11.37,7.54,,,
898,9/19/2021 2:00,11.43,7.36,,,
899,9/19/2021 3:00,11.49,7.18,,,
900,9/19/2021 4:00,11.51,7.1,,,
901,9/19/2021 5:00,11.54,7,,,
902,9/19/2021 6:00,11.58,6.88,,,
903,9/19/2021 7:00,11.64,6.74,,,
904,9/19/2021 8:00,11.66,6.66,,,
905,9/19/2021 9:00,11.69,6.66,,,
906,9/19/2021 10:00,11.67,6.7,,,
907,9/19/2021 11:00,11.64,6.84,,,
908,9/19/2021 12:00,11.54,7.18,,,
909,9/19/2021 13:00,11.44,7.56,,,
910,9/19/2021 14:00,11.33,7.94,,,
911,9/19/2021 15:00,11.2,8.32,,,
912,9/19/2021 16:00,11.14,8.56,,,
913,9/19/2021 17:00,11.06,8.82,,,
914,9/19/2021 18:00,11.03,8.9,,,
915,9/19/2021 19:00,11.03,8.88,,,
916,9/19/2021 20:00,11.07,8.74,,,
917,9/19/2021 21:00,11.11,8.68,,,
918,9/19/2021 22:00,11.12,8.64,,,
919,9/19/2021 23:00,11.14,8.62,,,
920,9/20/2021 0:00,11.13,8.6,,,
921,9/20/2021 1:00,11.14,8.62,,,
922,9/20/2021 2:00,11.17,8.6,,,
923,9/20/2021 3:00,11.17,8.6,,,
924,9/20/2021 4:00,11.18,8.62,,,
925,9/20/2021 5:00,11.18,8.6,,,
926,9/20/2021 6:00,11.22,8.54,,,
927,9/20/2021 7:00,11.25,8.46,,,
928,9/20/2021 8:00,11.28,8.4,,,
929,9/20/2021 9:00,11.34,8.36,,,
930,9/20/2021 10:00,11.32,8.34,,,
931,9/20/2021 11:00,11.32,8.4,,,
932,9/20/2021 12:00,11.27,8.6,,,
933,9/20/2021 13:00,11.18,8.84,,,
934,9/20/2021 14:00,11.12,9.08,,,
935,9/20/2021 15:00,11.08,9.28,,,
936,9/20/2021 16:00,11.02,9.46,,,
937,9/20/2021 17:00,10.96,9.58,,,
938,9/20/2021 18:00,10.93,9.66,,,
939,9/20/2021 19:00,10.92,9.66,,,
940,9/20/2021 20:00,10.96,9.56,,,
941,9/20/2021 21:00,10.95,9.5,,,
942,9/20/2021 22:00,11,9.44,,,
943,9/20/2021 23:00,11.02,9.4,,,
944,9/21/2021 0:00,11,9.4,,,
945,9/21/2021 1:00,11.01,9.38,,,
946,9/21/2021 2:00,11.01,9.34,,,
947,9/21/2021 3:00,11.03,9.26,,,
948,9/21/2021 4:00,11.11,9.02,,,
949,9/21/2021 5:00,11.15,8.82,,,
950,9/21/2021 6:00,11.21,8.6,,,
951,9/21/2021 7:00,11.26,8.44,,,
952,9/21/2021 8:00,11.29,8.28,,,
953,9/21/2021 9:00,11.28,8.36,,,
954,9/21/2021 10:00,11.26,8.5,,,
955,9/21/2021 11:00,11.15,8.9,,,
956,9/21/2021 12:00,11.02,9.28,,,
957,9/21/2021 13:00,10.95,9.58,,,
958,9/21/2021 14:00,10.84,9.86,,,
959,9/21/2021 15:00,10.77,10.14,,,
960,9/21/2021 16:00,10.75,10.32,,,
961,9/21/2021 17:00,10.64,10.44,,,
962,9/21/2021 18:00,10.65,10.44,,,
963,9/21/2021 19:00,10.62,10.42,,,
964,9/21/2021 20:00,10.63,10.38,,,
965,9/21/2021 21:00,10.62,10.36,,,
966,9/21/2021 22:00,10.62,10.36,,,
967,9/21/2021 23:00,10.63,10.34,,,
968,9/22/2021 0:00,10.62,10.34,,,
969,9/22/2021 1:00,10.61,10.34,,,
970,9/22/2021 2:00,10.61,10.34,,,
971,9/22/2021 3:00,10.6,10.36,,,
972,9/22/2021 4:00,10.56,10.38,,,
973,9/22/2021 5:00,10.58,10.38,,,
974,9/22/2021 6:00,10.59,10.4,,,
975,9/22/2021 7:00,10.58,10.38,,,
976,9/22/2021 8:00,10.62,10.36,,,
977,9/22/2021 9:00,10.64,10.36,,,
978,9/22/2021 10:00,10.65,10.38,,,
979,9/22/2021 11:00,10.66,10.4,,,
980,9/22/2021 12:00,10.65,10.52,,,
981,9/22/2021 13:00,10.64,10.62,,,
982,9/22/2021 14:00,10.61,10.64,,,
983,9/22/2021 15:00,10.56,10.86,,,
984,9/22/2021 16:00,10.46,11.12,,,
985,9/22/2021 17:00,10.46,11.16,,,
986,9/22/2021 18:00,10.43,11.24,,,
987,9/22/2021 19:00,10.43,11.18,,,
988,9/22/2021 20:00,10.48,11.02,,,
989,9/22/2021 21:00,10.53,10.86,,,
990,9/22/2021 22:00,10.59,10.68,,,
991,9/22/2021 23:00,10.61,10.52,,,
992,9/23/2021 0:00,10.67,10.32,,,
993,9/23/2021 1:00,10.74,10.12,,,
994,9/23/2021 2:00,10.8,9.96,,,
995,9/23/2021 3:00,10.82,9.84,,,
996,9/23/2021 4:00,10.84,9.76,,,
997,9/23/2021 5:00,10.9,9.58,,,
998,9/23/2021 6:00,10.94,9.44,,,
999,9/23/2021 7:00,10.97,9.32,,,
1000,9/23/2021 8:00,11.03,9.18,,,
1001,9/23/2021 9:00,11.06,9.16,,,
1002,9/23/2021 10:00,11.05,9.2,,,
1003,9/23/2021 11:00,11.01,9.36,,,
1004,9/23/2021 12:00,10.93,9.6,,,
1005,9/23/2021 13:00,10.95,9.58,,,
1006,9/23/2021 14:00,10.87,9.82,,,
1007,9/23/2021 15:00,10.82,10.04,,,
1008,9/23/2021 16:00,10.74,10.28,,,
1009,9/23/2021 17:00,10.7,10.38,,,
1010,9/23/2021 18:00,10.69,10.44,,,
1011,9/23/2021 19:00,10.66,10.44,,,
1012,9/23/2021 20:00,10.69,10.34,,,
1013,9/23/2021 21:00,10.67,10.32,,,
1014,9/23/2021 22:00,10.69,10.28,,,
1015,9/23/2021 23:00,10.71,10.28,,,
1016,9/24/2021 0:00,10.69,10.22,,,
1017,9/24/2021 1:00,10.71,10.18,,,
1018,9/24/2021 2:00,10.71,10.14,,,
1019,9/24/2021 3:00,10.71,10.08,,,
1020,9/24/2021 4:00,10.75,9.98,,,
1021,9/24/2021 5:00,10.82,9.72,,,
1022,9/24/2021 6:00,10.85,9.5,,,
1023,9/24/2021 7:00,10.91,9.3,,,
1024,9/24/2021 8:00,10.94,9.12,,,
1025,9/24/2021 9:00,11.02,9,,,
1026,9/24/2021 10:00,10.98,9.16,,,
1027,9/24/2021 11:00,10.9,9.46,,,
1028,9/24/2021 12:00,10.8,9.7,,,
1029,9/24/2021 13:00,10.74,9.98,,,
1030,9/24/2021 14:00,10.63,10.32,,,
1031,9/24/2021 15:00,10.49,10.68,,,
1032,9/24/2021 16:00,10.36,11.06,,,
1033,9/24/2021 17:00,10.3,11.36,,,
1034,9/24/2021 18:00,10.25,11.48,,,
1035,9/24/2021 19:00,10.19,11.46,,,
1036,9/24/2021 20:00,10.19,11.4,,,
1037,9/24/2021 21:00,10.25,11.32,,,
1038,9/24/2021 22:00,10.28,11.2,,,
1039,9/24/2021 23:00,10.3,11.1,,,
1040,9/25/2021 0:00,10.32,10.98,,,
1041,9/25/2021 1:00,10.35,10.82,,,
1042,9/25/2021 2:00,10.41,10.68,,,
1043,9/25/2021 3:00,10.43,10.52,,,
1044,9/25/2021 4:00,10.48,10.42,,,
1045,9/25/2021 5:00,10.49,10.28,,,
1046,9/25/2021 6:00,10.55,10.12,,,
1047,9/25/2021 7:00,10.6,9.98,,,
1048,9/25/2021 8:00,10.62,9.86,,,
1049,9/25/2021 9:00,10.61,9.86,,,
1050,9/25/2021 10:00,10.63,10.06,,,
1051,9/25/2021 11:00,10.45,10.44,,,
1052,9/25/2021 12:00,10.41,10.64,,,
1053,9/25/2021 13:00,10.41,10.88,,,
1054,9/25/2021 14:00,10.3,11.12,,,
1055,9/25/2021 15:00,10.17,11.42,,,
1056,9/25/2021 16:00,10.15,11.6,,,
1057,9/25/2021 17:00,10.02,11.82,,,
1058,9/25/2021 18:00,9.97,11.94,,,
1059,9/25/2021 19:00,9.94,11.96,,,
1060,9/25/2021 20:00,9.94,11.9,,,
1061,9/25/2021 21:00,9.96,11.82,,,
1062,9/25/2021 22:00,10,11.74,,,
1063,9/25/2021 23:00,9.99,11.7,,,
1064,9/26/2021 0:00,9.97,11.64,,,
1065,9/26/2021 1:00,9.91,11.62,,,
1066,9/26/2021 2:00,10.03,11.62,,,
1067,9/26/2021 3:00,10.05,11.6,,,
1068,9/26/2021 4:00,10.07,11.54,,,
1069,9/26/2021 5:00,10.07,11.46,,,
1070,9/26/2021 6:00,10.03,11.4,,,
1071,9/26/2021 7:00,10.02,11.34,,,
1072,9/26/2021 8:00,10.12,11.28,,,
1073,9/26/2021 9:00,10.08,11.26,,,
1074,9/26/2021 10:00,10.13,11.28,,,
1075,9/26/2021 11:00,10.18,11.3,,,
1076,9/26/2021 12:00,10.2,11.36,,,
1077,9/26/2021 13:00,10.17,11.4,,,
1078,9/26/2021 14:00,10.2,11.42,,,
1079,9/26/2021 15:00,10.13,11.5,,,
1080,9/26/2021 16:00,10.15,11.5,,,
1081,9/26/2021 17:00,10.15,11.44,,,
1082,9/26/2021 18:00,10.19,11.4,,,
1083,9/26/2021 19:00,10.12,11.32,,,
1084,9/26/2021 20:00,10.17,11.22,,,
1085,9/26/2021 21:00,10.19,11.12,,,
1086,9/26/2021 22:00,10.14,11.1,,,
1087,9/26/2021 23:00,10.14,11.06,,,
1088,9/27/2021 0:00,10.2,11.02,,,
1089,9/27/2021 1:00,10.15,11,,,
1090,9/27/2021 2:00,10.25,10.96,,,
1091,9/27/2021 3:00,10.24,10.96,,,
1092,9/27/2021 4:00,10.18,10.98,,,
1093,9/27/2021 5:00,10.23,10.96,,,
1094,9/27/2021 6:00,10.23,10.94,,,
1095,9/27/2021 7:00,10.23,10.92,,,
1096,9/27/2021 8:00,10.25,10.9,,,
1097,9/27/2021 9:00,10.29,10.92,,,
1098,9/27/2021 10:00,10.29,10.94,,,
1099,9/27/2021 11:00,10.36,10.86,,,
1100,9/27/2021 12:00,10.33,10.76,,,
1101,9/27/2021 13:00,10.35,10.82,,,
1102,9/27/2021 14:00,10.29,10.88,,,
1103,9/27/2021 15:00,10.32,10.9,,,
1104,9/27/2021 16:00,10.3,10.88,,,
1105,9/27/2021 17:00,10.31,10.78,,,
1106,9/27/2021 18:00,10.32,10.74,,,
1107,9/27/2021 19:00,10.31,10.64,,,
1108,9/27/2021 20:00,10.33,10.52,,,
1109,9/27/2021 21:00,10.4,10.46,,,
1110,9/27/2021 22:00,10.34,10.34,,,
1111,9/27/2021 23:00,10.44,10.16,,,
1112,9/28/2021 0:00,10.49,10.04,,,
1113,9/28/2021 1:00,10.48,9.98,,,
1114,9/28/2021 2:00,10.54,9.88,,,
1115,9/28/2021 3:00,10.59,9.76,,,
1116,9/28/2021 4:00,10.67,9.54,,,
1117,9/28/2021 5:00,10.71,9.34,,,
1118,9/28/2021 6:00,10.82,9.06,,,
1119,9/28/2021 7:00,10.9,8.8,,,
1120,9/28/2021 8:00,10.93,8.68,,,
1121,9/28/2021 9:00,10.98,8.66,,,
1122,9/28/2021 10:00,11.02,8.66,,,
1123,9/28/2021 11:00,11.03,8.84,,,
1124,9/28/2021 12:00,10.98,9.04,,,
1125,9/28/2021 13:00,10.92,9.22,,,
1126,9/28/2021 14:00,10.89,9.36,,,
1127,9/28/2021 15:00,10.83,9.48,,,
1128,9/28/2021 16:00,10.83,9.5,,,
1129,9/28/2021 17:00,10.84,9.52,,,
1130,9/28/2021 18:00,10.86,9.38,,,
1131,9/28/2021 19:00,10.87,9.28,,,
1132,9/28/2021 20:00,10.89,9.12,,,
1133,9/28/2021 21:00,10.93,8.96,,,
1134,9/28/2021 22:00,10.98,8.8,,,
1135,9/28/2021 23:00,11.01,8.72,,,
1136,9/29/2021 0:00,11.07,8.58,,,
1137,9/29/2021 1:00,11.07,8.54,,,
1138,9/29/2021 2:00,11.06,8.54,,,
1139,9/29/2021 3:00,11.12,8.5,,,
1140,9/29/2021 4:00,11.12,8.42,,,
1141,9/29/2021 5:00,11.14,8.34,,,
1142,9/29/2021 6:00,11.18,8.24,,,
1143,9/29/2021 7:00,11.23,8.1,,,
1144,9/29/2021 8:00,11.26,8.08,,,
1145,9/29/2021 9:00,11.29,8.06,,,
1146,9/29/2021 10:00,11.24,8.14,,,
1147,9/29/2021 11:00,11.14,8.24,,,
1148,9/29/2021 12:00,11.08,8.34,,,
1149,9/29/2021 13:00,11.1,8.28,,,
1150,9/29/2021 14:00,11.1,8.26,,,
1151,9/29/2021 15:00,11.13,8.26,,,
1152,9/29/2021 16:00,11.18,8.28,,,
1153,9/29/2021 17:00,11.14,8.3,,,
1154,9/29/2021 18:00,11.15,8.26,,,
1155,9/29/2021 19:00,11.14,8.24,,,
1156,9/29/2021 20:00,11.15,8.24,,,
1157,9/29/2021 21:00,11.15,8.24,,,
1158,9/29/2021 22:00,11.15,8.24,,,
1159,9/29/2021 23:00,11.17,8.2,,,
1160,9/30/2021 0:00,11.14,8.18,,,
1161,9/30/2021 1:00,11.17,8.16,,,
1162,9/30/2021 2:00,11.2,8.14,,,
1163,9/30/2021 3:00,11.18,8.18,,,
1164,9/30/2021 4:00,11.16,8.24,,,
1165,9/30/2021 5:00,11.11,8.36,,,
1166,9/30/2021 6:00,11.11,8.44,,,
1167,9/30/2021 7:00,11.04,8.54,,,
1168,9/30/2021 8:00,11.05,8.64,,,
1169,9/30/2021 9:00,11.03,8.74,,,
1170,9/30/2021 10:00,11,8.84,,,
1171,9/30/2021 11:00,10.98,8.94,,,
1172,9/30/2021 12:00,10.98,9.04,,,
1173,9/30/2021 13:00,10.95,9.12,,,
1174,9/30/2021 14:00,10.93,9.2,,,
1175,9/30/2021 15:00,10.97,9.14,,,
1176,9/30/2021 16:00,11,9.04,,,
1177,9/30/2021 17:00,11.04,8.98,,,
1178,9/30/2021 18:00,11.08,8.94,,,
1179,9/30/2021 19:00,11.07,8.88,,,
1180,9/30/2021 20:00,11.12,8.76,,,
1181,9/30/2021 21:00,11.17,8.56,,,
1182,9/30/2021 22:00,11.23,8.42,,,
1183,9/30/2021 23:00,11.25,8.34,,,
1184,10/1/2021 0:00,11.28,8.26,,,
1185,10/1/2021 1:00,11.32,8.16,,,
1186,10/1/2021 2:00,11.35,8.06,,,
1187,10/1/2021 3:00,11.41,7.92,,,
1188,10/1/2021 4:00,11.45,7.78,,,
1189,10/1/2021 5:00,11.51,7.6,,,
1190,10/1/2021 6:00,11.57,7.38,,,
1191,10/1/2021 7:00,11.65,7.16,,,
1192,10/1/2021 8:00,11.7,6.98,,,
1193,10/1/2021 9:00,11.76,6.94,,,
1194,10/1/2021 10:00,11.72,7.08,,,
1195,10/1/2021 11:00,11.67,7.2,,,
1196,10/1/2021 12:00,11.6,7.44,,,
1197,10/1/2021 13:00,11.49,7.84,,,
1198,10/1/2021 14:00,11.38,8.16,,,
1199,10/1/2021 15:00,11.31,8.42,,,
1200,10/1/2021 16:00,11.23,8.64,,,
1201,10/1/2021 17:00,11.16,8.74,,,
1202,10/1/2021 18:00,11.14,8.76,,,
1203,10/1/2021 19:00,11.17,8.6,,,
1204,10/1/2021 20:00,11.24,8.36,,,
1205,10/1/2021 21:00,11.32,8.14,,,
1206,10/1/2021 22:00,11.37,7.92,,,
1207,10/1/2021 23:00,11.44,7.72,,,
1208,10/2/2021 0:00,11.46,7.5,,,
1209,10/2/2021 1:00,11.52,7.36,,,
1210,10/2/2021 2:00,11.53,7.3,,,
1211,10/2/2021 3:00,11.54,7.26,,,
1212,10/2/2021 4:00,11.53,7.24,,,
1213,10/2/2021 5:00,11.51,7.28,,,
1214,10/2/2021 6:00,11.53,7.28,,,
1215,10/2/2021 7:00,11.48,7.38,,,
1216,10/2/2021 8:00,11.43,7.6,,,
1217,10/2/2021 9:00,11.45,7.6,,,
1218,10/2/2021 10:00,11.44,7.64,,,
1219,10/2/2021 11:00,11.38,7.8,,,
1220,10/2/2021 12:00,11.36,7.92,,,
1221,10/2/2021 13:00,11.31,8.02,,,
1222,10/2/2021 14:00,11.27,8.12,,,
1223,10/2/2021 15:00,11.22,8.16,,,
1224,10/2/2021 16:00,11.24,8.16,,,
1225,10/2/2021 17:00,11.2,8.2,,,
1226,10/2/2021 18:00,11.18,8.2,,,
1227,10/2/2021 19:00,11.17,8.18,,,
1228,10/2/2021 20:00,11.17,8.18,,,
1229,10/2/2021 21:00,11.17,8.18,,,
1230,10/2/2021 22:00,11.17,8.18,,,
1231,10/2/2021 23:00,11.16,8.16,,,
1232,10/3/2021 0:00,11.16,8.14,,,
1233,10/3/2021 1:00,11.15,8.14,,,
1234,10/3/2021 2:00,11.16,8.16,,,
1235,10/3/2021 3:00,11.15,8.18,,,
1236,10/3/2021 4:00,11.15,8.12,,,
1237,10/3/2021 5:00,11.17,8.08,,,
1238,10/3/2021 6:00,11.16,8.06,,,
1239,10/3/2021 7:00,11.22,7.94,,,
1240,10/3/2021 8:00,11.28,7.8,,,
1241,10/3/2021 9:00,11.31,7.7,,,
1242,10/3/2021 10:00,11.27,7.78,,,
1243,10/3/2021 11:00,11.25,8,,,
1244,10/3/2021 12:00,11.17,8.24,,,
1245,10/3/2021 13:00,11.13,8.48,,,
1246,10/3/2021 14:00,11.06,8.68,,,
1247,10/3/2021 15:00,10.97,8.86,,,
1248,10/3/2021 16:00,10.94,9.02,,,
1249,10/3/2021 17:00,10.91,9.06,,,
1250,10/3/2021 18:00,10.91,9.06,,,
1251,10/3/2021 19:00,10.91,8.98,,,
1252,10/3/2021 20:00,10.97,8.8,,,
1253,10/3/2021 21:00,11.06,8.5,,,
1254,10/3/2021 22:00,11.15,8.22,,,
1255,10/3/2021 23:00,11.18,8.08,,,
1256,10/4/2021 0:00,11.26,7.84,,,
1257,10/4/2021 1:00,11.31,7.68,,,
1258,10/4/2021 2:00,11.35,7.54,,,
1259,10/4/2021 3:00,11.37,7.46,,,
1260,10/4/2021 4:00,11.39,7.36,,,
1261,10/4/2021 5:00,11.39,7.26,,,
1262,10/4/2021 6:00,11.42,7.22,,,
1263,10/4/2021 7:00,11.43,7.2,,,
1264,10/4/2021 8:00,11.51,7.16,,,
1265,10/4/2021 9:00,11.47,7.18,,,
1266,10/4/2021 10:00,11.44,7.2,,,
1267,10/4/2021 11:00,11.38,7.32,,,
1268,10/4/2021 12:00,11.36,7.5,,,
1269,10/4/2021 13:00,11.29,7.66,,,
1270,10/4/2021 14:00,11.22,7.8,,,
1271,10/4/2021 15:00,11.22,7.94,,,
1272,10/4/2021 16:00,11.12,8.08,,,
1273,10/4/2021 17:00,11.11,8.16,,,
1274,10/4/2021 18:00,11.07,8.24,,,
1275,10/4/2021 19:00,10.98,8.2,,,
1276,10/4/2021 20:00,11.02,8.16,,,
1277,10/4/2021 21:00,11.06,8.12,,,
1278,10/4/2021 22:00,11.05,8.08,,,
1279,10/4/2021 23:00,11.07,8.06,,,
1280,10/5/2021 0:00,11.02,8,,,
1281,10/5/2021 1:00,11.02,7.9,,,
1282,10/5/2021 2:00,11.1,7.84,,,
1283,10/5/2021 3:00,11.11,7.78,,,
1284,10/5/2021 4:00,11.12,7.68,,,
1285,10/5/2021 5:00,11.15,7.56,,,
1286,10/5/2021 6:00,11.18,7.5,,,
1287,10/5/2021 7:00,11.22,7.42,,,
1288,10/5/2021 8:00,11.28,7.36,,,
1289,10/5/2021 9:00,11.25,7.36,,,
1290,10/5/2021 10:00,11.27,7.32,,,
1291,10/5/2021 11:00,11.25,7.38,,,
1292,10/5/2021 12:00,11.23,7.44,,,
1293,10/5/2021 13:00,11.21,7.58,,,
1294,10/5/2021 14:00,11.11,7.84,,,
1295,10/5/2021 15:00,11.03,8.08,,,
1296,10/5/2021 16:00,10.98,8.3,,,
1297,10/5/2021 17:00,10.86,8.46,,,
1298,10/5/2021 18:00,10.93,8.56,,,
1299,10/5/2021 19:00,10.98,8.48,,,
1300,10/5/2021 20:00,11.03,8.38,,,
1301,10/5/2021 21:00,11.08,8.28,,,
1302,10/5/2021 22:00,11.13,8.2,,,
1303,10/5/2021 23:00,11.18,8.08,,,
1304,10/6/2021 0:00,11.23,7.98,,,
1305,10/6/2021 1:00,11.26,7.9,,,
1306,10/6/2021 2:00,11.36,7.66,,,
1307,10/6/2021 3:00,11.41,7.52,,,
1308,10/6/2021 4:00,11.44,7.38,,,
1309,10/6/2021 5:00,11.51,7.26,,,
1310,10/6/2021 6:00,11.54,7.14,,,
1311,10/6/2021 7:00,11.56,7.02,,,
1312,10/6/2021 8:00,11.62,6.9,,,
1313,10/6/2021 9:00,11.64,6.86,,,
1314,10/6/2021 10:00,11.67,6.86,,,
1315,10/6/2021 11:00,11.63,6.94,,,
1316,10/6/2021 12:00,11.59,7.06,,,
1317,10/6/2021 13:00,11.59,7.1,,,
1318,10/6/2021 14:00,11.52,7.3,,,
1319,10/6/2021 15:00,11.47,7.34,,,
1320,10/6/2021 16:00,11.51,7.36,,,
1321,10/6/2021 17:00,11.45,7.44,,,
1322,10/6/2021 18:00,11.49,7.34,,,
1323,10/6/2021 19:00,11.56,7.1,,,
1324,10/6/2021 20:00,11.6,6.96,,,
1325,10/6/2021 21:00,11.66,6.82,,,
1326,10/6/2021 22:00,11.75,6.5,,,
1327,10/6/2021 23:00,11.86,6.2,,,
1328,10/7/2021 0:00,11.93,5.98,,,
1329,10/7/2021 1:00,11.97,5.88,,,
1330,10/7/2021 2:00,11.98,5.84,,,
1331,10/7/2021 3:00,11.98,5.8,,,
1332,10/7/2021 4:00,12,5.76,,,
1333,10/7/2021 5:00,12,5.74,,,
1334,10/7/2021 6:00,11.99,5.72,,,
1335,10/7/2021 7:00,12.03,5.68,,,
1336,10/7/2021 8:00,12.04,5.64,,,
1337,10/7/2021 9:00,12.05,5.64,,,
1338,10/7/2021 10:00,12.07,5.64,,,
1339,10/7/2021 11:00,12.06,5.72,,,
1340,10/7/2021 12:00,11.97,5.92,,,
1341,10/7/2021 13:00,11.93,6.04,,,
1342,10/7/2021 14:00,11.86,6.24,,,
1343,10/7/2021 15:00,11.78,6.44,,,
1344,10/7/2021 16:00,11.72,6.62,,,
1345,10/7/2021 17:00,11.66,6.72,,,
1346,10/7/2021 18:00,11.67,6.7,,,
1347,10/7/2021 19:00,11.72,6.48,,,
1348,10/7/2021 20:00,11.84,6.18,,,
1349,10/7/2021 21:00,11.9,5.94,,,
1350,10/7/2021 22:00,11.99,5.7,,,
1351,10/7/2021 23:00,12.06,5.46,,,
1352,10/8/2021 0:00,12.15,5.24,,,
1353,10/8/2021 1:00,12.19,5.08,,,
1354,10/8/2021 2:00,12.23,4.94,,,
1355,10/8/2021 3:00,12.25,4.86,,,
1356,10/8/2021 4:00,12.27,4.76,,,
1357,10/8/2021 5:00,12.29,4.7,,,
1358,10/8/2021 6:00,12.34,4.56,,,
1359,10/8/2021 7:00,12.39,4.42,,,
1360,10/8/2021 8:00,12.41,4.34,,,
1361,10/8/2021 9:00,12.47,4.28,,,
1362,10/8/2021 10:00,12.44,4.24,,,
1363,10/8/2021 11:00,12.45,4.3,,,
1364,10/8/2021 12:00,12.36,4.64,,,
1365,10/8/2021 13:00,12.16,5.18,,,
1366,10/8/2021 14:00,12,5.68,,,
1367,10/8/2021 15:00,11.83,6.12,,,
1368,10/8/2021 16:00,11.74,6.4,,,
1369,10/8/2021 17:00,11.68,6.54,,,
1370,10/8/2021 18:00,11.68,6.48,,,
1371,10/8/2021 19:00,11.76,6.26,,,
1372,10/8/2021 20:00,11.83,6.04,,,
1373,10/8/2021 21:00,11.88,5.8,,,
1374,10/8/2021 22:00,11.96,5.58,,,
1375,10/8/2021 23:00,12.05,5.34,,,
1376,10/9/2021 0:00,12.13,5.12,,,
1377,10/9/2021 1:00,12.19,4.92,,,
1378,10/9/2021 2:00,12.26,4.72,,,
1379,10/9/2021 3:00,12.3,4.58,,,
1380,10/9/2021 4:00,12.31,4.5,,,
1381,10/9/2021 5:00,12.3,4.5,,,
1382,10/9/2021 6:00,12.32,4.52,,,
1383,10/9/2021 7:00,12.32,4.56,,,
1384,10/9/2021 8:00,12.29,4.62,,,
1385,10/9/2021 9:00,12.29,4.66,,,
1386,10/9/2021 10:00,12.25,4.82,,,
1387,10/9/2021 11:00,12.17,5.1,,,
1388,10/9/2021 12:00,12.07,5.34,,,
1389,10/9/2021 13:00,11.97,5.68,,,
1390,10/9/2021 14:00,11.92,5.82,,,
1391,10/9/2021 15:00,11.87,5.94,,,
1392,10/9/2021 16:00,11.83,6,,,
1393,10/9/2021 17:00,11.77,6.06,,,
1394,10/9/2021 18:00,11.76,6.1,,,
1395,10/9/2021 19:00,11.78,6.04,,,
1396,10/9/2021 20:00,11.84,6,,,
1397,10/9/2021 21:00,11.79,5.98,,,
1398,10/9/2021 22:00,11.83,5.94,,,
1399,10/9/2021 23:00,11.87,5.96,,,
1400,10/10/2021 0:00,11.84,5.98,,,
1401,10/10/2021 1:00,11.82,6.02,,,
1402,10/10/2021 2:00,11.76,6.08,,,
1403,10/10/2021 3:00,11.77,6.08,,,
1404,10/10/2021 4:00,11.73,6.08,,,
1405,10/10/2021 5:00,11.75,6.16,,,
1406,10/10/2021 6:00,11.77,6.1,,,
1407,10/10/2021 7:00,11.85,5.86,,,
1408,10/10/2021 8:00,11.95,5.68,,,
1409,10/10/2021 9:00,11.99,5.56,,,
1410,10/10/2021 10:00,12,5.52,,,
1411,10/10/2021 11:00,12.01,5.54,,,
1412,10/10/2021 12:00,12.01,5.56,,,
1413,10/10/2021 13:00,11.97,5.64,,,
1414,10/10/2021 14:00,11.99,5.72,,,
1415,10/10/2021 15:00,11.96,5.78,,,
1416,10/10/2021 16:00,11.93,5.78,,,
1417,10/10/2021 17:00,12.05,5.54,,,
1418,10/10/2021 18:00,12.05,5.42,,,
1419,10/10/2021 19:00,12.1,5.26,,,
1420,10/10/2021 20:00,12.18,5,,,
1421,10/10/2021 21:00,12.25,4.88,,,
1422,10/10/2021 22:00,12.29,4.68,,,
1423,10/10/2021 23:00,12.32,4.6,,,
1424,10/11/2021 0:00,12.37,4.52,,,
1425,10/11/2021 1:00,12.39,4.48,,,
1426,10/11/2021 2:00,12.41,4.38,,,
1427,10/11/2021 3:00,12.46,4.28,,,
1428,10/11/2021 4:00,12.48,4.26,,,
1429,10/11/2021 5:00,12.5,4.2,,,
1430,10/11/2021 6:00,12.49,4.16,,,
1431,10/11/2021 7:00,12.55,4.06,,,
1432,10/11/2021 8:00,12.57,3.96,,,
1433,10/11/2021 9:00,12.62,3.9,,,
1434,10/11/2021 10:00,12.62,3.92,,,
1435,10/11/2021 11:00,12.62,3.98,,,
1436,10/11/2021 12:00,12.5,4.32,,,
1437,10/11/2021 13:00,12.42,4.56,,,
1438,10/11/2021 14:00,12.34,4.8,,,
1439,10/11/2021 15:00,12.26,4.98,,,
1440,10/11/2021 16:00,12.32,4.82,,,
1441,10/11/2021 17:00,12.26,5,,,
1442,10/11/2021 18:00,12.32,4.8,,,
1443,10/11/2021 19:00,12.4,4.54,,,
1444,10/11/2021 20:00,12.48,4.36,,,
1445,10/11/2021 21:00,12.51,4.24,,,
1446,10/11/2021 22:00,12.55,4.1,,,
1447,10/11/2021 23:00,12.61,3.94,,,
1448,10/12/2021 0:00,12.67,3.7,,,
1449,10/12/2021 1:00,12.77,3.52,,,
1450,10/12/2021 2:00,12.79,3.36,,,
1451,10/12/2021 3:00,12.83,3.24,,,
1452,10/12/2021 4:00,12.87,3.08,,,
1453,10/12/2021 5:00,12.93,2.94,,,
1454,10/12/2021 6:00,12.97,2.82,,,
1455,10/12/2021 7:00,13.02,2.7,,,
1456,10/12/2021 8:00,13.04,2.62,,,
1457,10/12/2021 9:00,13.04,2.58,,,
1458,10/12/2021 10:00,13.02,2.58,,,
1459,10/12/2021 11:00,12.96,2.74,,,
1460,10/12/2021 12:00,12.85,3.12,,,
1461,10/12/2021 13:00,12.65,3.66,,,
1462,10/12/2021 14:00,12.5,4,,,
1463,10/12/2021 15:00,12.42,4.22,,,
1464,10/12/2021 16:00,12.36,4.38,,,
1465,10/12/2021 17:00,12.35,4.44,,,
1466,10/12/2021 18:00,12.35,4.36,,,
1467,10/12/2021 19:00,12.4,4.16,,,
1468,10/12/2021 20:00,12.42,4.08,,,
1469,10/12/2021 21:00,12.44,4.02,,,
1470,10/12/2021 22:00,12.45,4,,,
1471,10/12/2021 23:00,12.47,3.96,,,
1472,10/13/2021 0:00,12.47,3.96,,,
1473,10/13/2021 1:00,12.48,3.88,,,
1474,10/13/2021 2:00,12.51,3.78,,,
1475,10/13/2021 3:00,12.54,3.74,,,
1476,10/13/2021 4:00,12.54,3.68,,,
1477,10/13/2021 5:00,12.56,3.64,,,
1478,10/13/2021 6:00,12.57,3.62,,,
1479,10/13/2021 7:00,12.58,3.6,,,
1480,10/13/2021 8:00,12.55,3.58,,,
1481,10/13/2021 9:00,12.57,3.62,,,
1482,10/13/2021 10:00,12.56,3.68,,,
1483,10/13/2021 11:00,12.55,3.8,,,
1484,10/13/2021 12:00,12.48,3.94,,,
1485,10/13/2021 13:00,12.42,4.08,,,
1486,10/13/2021 14:00,12.38,4.2,,,
1487,10/13/2021 15:00,12.32,4.3,,,
1488,10/13/2021 16:00,12.31,4.42,,,
1489,10/13/2021 17:00,12.27,4.52,,,
1490,10/13/2021 18:00,12.28,4.48,,,
1491,10/13/2021 19:00,12.29,4.24,,,
1492,10/13/2021 20:00,12.38,4.1,,,
1493,10/13/2021 21:00,12.42,3.96,,,
1494,10/13/2021 22:00,12.44,3.8,,,
1495,10/13/2021 23:00,12.51,3.68,,,
1496,10/14/2021 0:00,12.55,3.62,,,
1497,10/14/2021 1:00,12.55,3.54,,,
1498,10/14/2021 2:00,12.61,3.42,,,
1499,10/14/2021 3:00,12.66,3.38,,,
1500,10/14/2021 4:00,12.65,3.34,,,
1501,10/14/2021 5:00,12.62,3.36,,,
1502,10/14/2021 6:00,12.6,3.38,,,
1503,10/14/2021 7:00,12.65,3.32,,,
1504,10/14/2021 8:00,12.62,3.36,,,
1505,10/14/2021 9:00,12.65,3.42,,,
1506,10/14/2021 10:00,12.67,3.48,,,
1507,10/14/2021 11:00,12.62,3.62,,,
1508,10/14/2021 12:00,12.57,3.82,,,
1509,10/14/2021 13:00,12.51,4.06,,,
1510,10/14/2021 14:00,12.42,4.42,,,
1511,10/14/2021 15:00,12.31,4.6,,,
1512,10/14/2021 16:00,12.31,4.7,,,
1513,10/14/2021 17:00,12.21,4.78,,,
1514,10/14/2021 18:00,12.25,4.8,,,
1515,10/14/2021 19:00,12.28,4.68,,,
1516,10/14/2021 20:00,12.27,4.58,,,
1517,10/14/2021 21:00,12.35,4.5,,,
1518,10/14/2021 22:00,12.36,4.46,,,
1519,10/14/2021 23:00,12.34,4.46,,,
1520,10/15/2021 0:00,12.36,4.42,,,
1521,10/15/2021 1:00,12.34,4.4,,,
1522,10/15/2021 2:00,12.39,4.42,,,
1523,10/15/2021 3:00,12.39,4.5,,,
1524,10/15/2021 4:00,12.35,4.5,,,
1525,10/15/2021 5:00,12.28,4.54,,,
1526,10/15/2021 6:00,12.31,4.6,,,
1527,10/15/2021 7:00,12.29,4.68,,,
1528,10/15/2021 8:00,12.26,4.74,,,
1529,10/15/2021 9:00,12.28,4.78,,,
1530,10/15/2021 10:00,12.28,4.86,,,
1531,10/15/2021 11:00,12.27,4.96,,,
1532,10/15/2021 12:00,12.19,5.12,,,
1533,10/15/2021 13:00,12.16,5.24,,,
1534,10/15/2021 14:00,12.11,5.42,,,
1535,10/15/2021 15:00,12.07,5.56,,,
1536,10/15/2021 16:00,12.04,5.66,,,
1537,10/15/2021 17:00,11.98,5.7,,,
1538,10/15/2021 18:00,11.98,5.7,,,
1539,10/15/2021 19:00,12.04,5.66,,,
1540,10/15/2021 20:00,12.03,5.66,,,
1541,10/15/2021 21:00,12,5.66,,,
1542,10/15/2021 22:00,11.99,5.66,,,
1543,10/15/2021 23:00,11.97,5.68,,,
1544,10/16/2021 0:00,11.99,5.72,,,
1545,10/16/2021 1:00,11.97,5.76,,,
1546,10/16/2021 2:00,11.94,5.78,,,
1547,10/16/2021 3:00,11.94,5.86,,,
1548,10/16/2021 4:00,11.9,5.9,,,
1549,10/16/2021 5:00,11.9,5.96,,,
1550,10/16/2021 6:00,11.84,6.02,,,
1551,10/16/2021 7:00,11.75,6.1,,,
1552,10/16/2021 8:00,11.7,6.16,,,
1553,10/16/2021 9:00,11.7,6.22,,,
1554,10/16/2021 10:00,11.82,6.2,,,
1555,10/16/2021 11:00,11.82,6.22,,,
1556,10/16/2021 12:00,11.79,6.24,,,
1557,10/16/2021 13:00,11.79,6.26,,,
1558,10/16/2021 14:00,11.77,6.32,,,
1559,10/16/2021 15:00,11.74,6.36,,,
1560,10/16/2021 16:00,11.7,6.44,,,
1561,10/16/2021 17:00,11.65,6.52,,,
1562,10/16/2021 18:00,11.6,6.6,,,
1563,10/16/2021 19:00,11.6,6.64,,,
1564,10/16/2021 20:00,11.58,6.66,,,
1565,10/16/2021 21:00,11.57,6.66,,,
1566,10/16/2021 22:00,11.56,6.7,,,
1567,10/16/2021 23:00,11.55,6.74,,,
1568,10/17/2021 0:00,11.54,6.8,,,
1569,10/17/2021 1:00,11.49,6.86,,,
1570,10/17/2021 2:00,11.48,6.88,,,
1571,10/17/2021 3:00,11.51,6.86,,,
1572,10/17/2021 4:00,11.48,6.84,,,
1573,10/17/2021 5:00,11.49,6.76,,,
1574,10/17/2021 6:00,11.54,6.72,,,
1575,10/17/2021 7:00,11.53,6.68,,,
1576,10/17/2021 8:00,11.54,6.66,,,
1577,10/17/2021 9:00,11.55,6.62,,,
1578,10/17/2021 10:00,11.57,6.6,,,
1579,10/17/2021 11:00,11.57,6.64,,,
1580,10/17/2021 12:00,11.54,6.72,,,
1581,10/17/2021 13:00,11.52,6.74,,,
1582,10/17/2021 14:00,11.53,6.8,,,
1583,10/17/2021 15:00,11.52,6.82,,,
1584,10/17/2021 16:00,11.53,6.82,,,
1585,10/17/2021 17:00,11.52,6.78,,,
1586,10/17/2021 18:00,11.56,6.72,,,
1587,10/17/2021 19:00,11.56,6.64,,,
1588,10/17/2021 20:00,11.51,6.56,,,
1589,10/17/2021 21:00,11.63,6.48,,,
1590,10/17/2021 22:00,11.65,6.42,,,
1591,10/17/2021 23:00,11.65,6.38,,,
1592,10/18/2021 0:00,11.69,6.32,,,
1593,10/18/2021 1:00,11.73,6.26,,,
1594,10/18/2021 2:00,11.76,6.2,,,
1595,10/18/2021 3:00,11.76,6.16,,,
1596,10/18/2021 4:00,11.78,6.14,,,
1597,10/18/2021 5:00,11.78,6.14,,,
1598,10/18/2021 6:00,11.79,6.12,,,
1599,10/18/2021 7:00,11.76,6.14,,,
1600,10/18/2021 8:00,11.8,6.12,,,
1601,10/18/2021 9:00,11.84,6.06,,,
1602,10/18/2021 10:00,11.85,6.02,,,
1603,10/18/2021 11:00,11.89,5.98,,,
1604,10/18/2021 12:00,11.89,6,,,
1605,10/18/2021 13:00,11.83,6.16,,,
1606,10/18/2021 14:00,11.78,6.3,,,
1607,10/18/2021 15:00,11.75,6.46,,,
1608,10/18/2021 16:00,11.7,6.6,,,
1609,10/18/2021 17:00,11.66,6.68,,,
1610,10/18/2021 18:00,11.67,6.6,,,
1611,10/18/2021 19:00,11.72,6.42,,,
1612,10/18/2021 20:00,11.78,6.2,,,
1613,10/18/2021 21:00,11.88,5.96,,,
1614,10/18/2021 22:00,11.96,5.7,,,
1615,10/18/2021 23:00,12.05,5.48,,,
1616,10/19/2021 0:00,12.09,5.34,,,
1617,10/19/2021 1:00,12.09,5.28,,,
1618,10/19/2021 2:00,12.11,5.2,,,
1619,10/19/2021 3:00,12.15,5.12,,,
1620,10/19/2021 4:00,12.18,5.04,,,
1621,10/19/2021 5:00,12.19,4.96,,,
1622,10/19/2021 6:00,12.21,4.86,,,
1623,10/19/2021 7:00,12.28,4.74,,,
1624,10/19/2021 8:00,12.3,4.64,,,
1625,10/19/2021 9:00,12.35,4.6,,,
1626,10/19/2021 10:00,12.34,4.66,,,
1627,10/19/2021 11:00,12.29,4.76,,,
1628,10/19/2021 12:00,12.21,4.96,,,
1629,10/19/2021 13:00,12.1,5.24,,,
1630,10/19/2021 14:00,11.99,5.56,,,
1631,10/19/2021 15:00,11.89,5.88,,,
1632,10/19/2021 16:00,11.78,6.16,,,
1633,10/19/2021 17:00,11.72,6.36,,,
1634,10/19/2021 18:00,11.69,6.36,,,
1635,10/19/2021 19:00,11.68,6.32,,,
1636,10/19/2021 20:00,11.72,6.24,,,
1637,10/19/2021 21:00,11.75,6.14,,,
1638,10/19/2021 22:00,11.78,6.02,,,
1639,10/19/2021 23:00,11.8,5.9,,,
1640,10/20/2021 0:00,11.86,5.78,,,
1641,10/20/2021 1:00,11.88,5.68,,,
1642,10/20/2021 2:00,11.92,5.6,,,
1643,10/20/2021 3:00,11.93,5.46,,,
1644,10/20/2021 4:00,11.98,5.38,,,
1645,10/20/2021 5:00,11.99,5.28,,,
1646,10/20/2021 6:00,12.01,5.24,,,
1647,10/20/2021 7:00,11.98,5.28,,,
1648,10/20/2021 8:00,11.97,5.3,,,
1649,10/20/2021 9:00,11.98,5.34,,,
1650,10/20/2021 10:00,11.96,5.42,,,
1651,10/20/2021 11:00,11.9,5.58,,,
1652,10/20/2021 12:00,11.85,5.76,,,
1653,10/20/2021 13:00,11.79,5.96,,,
1654,10/20/2021 14:00,11.75,6.14,,,
1655,10/20/2021 15:00,11.66,6.36,,,
1656,10/20/2021 16:00,11.62,6.5,,,
1657,10/20/2021 17:00,11.58,6.62,,,
1658,10/20/2021 18:00,11.57,6.68,,,
1659,10/20/2021 19:00,11.56,6.74,,,
1660,10/20/2021 20:00,11.58,6.74,,,
1661,10/20/2021 21:00,11.57,6.7,,,
1662,10/20/2021 22:00,11.62,6.68,,,
1663,10/20/2021 23:00,11.6,6.68,,,
1664,10/21/2021 0:00,11.64,6.62,,,
1665,10/21/2021 1:00,11.65,6.62,,,
1666,10/21/2021 2:00,11.67,6.6,,,
1667,10/21/2021 3:00,11.68,6.54,,,
1668,10/21/2021 4:00,11.7,6.5,,,
1669,10/21/2021 5:00,11.75,6.38,,,
1670,10/21/2021 6:00,11.82,6.14,,,
1671,10/21/2021 7:00,11.88,5.9,,,
1672,10/21/2021 8:00,11.99,5.64,,,
1673,10/21/2021 9:00,12.05,5.48,,,
1674,10/21/2021 10:00,12.07,5.42,,,
1675,10/21/2021 11:00,12.03,5.56,,,
1676,10/21/2021 12:00,11.97,5.82,,,
1677,10/21/2021 13:00,11.86,6.08,,,
1678,10/21/2021 14:00,11.75,6.3,,,
1679,10/21/2021 15:00,11.69,6.52,,,
1680,10/21/2021 16:00,11.64,6.7,,,
1681,10/21/2021 17:00,11.6,6.72,,,
1682,10/21/2021 18:00,11.6,6.68,,,
1683,10/21/2021 19:00,11.6,6.6,,,
1684,10/21/2021 20:00,11.64,6.44,,,
1685,10/21/2021 21:00,11.7,6.26,,,
1686,10/21/2021 22:00,11.72,6.12,,,
1687,10/21/2021 23:00,11.75,6.04,,,
1688,10/22/2021 0:00,11.75,6,,,
1689,10/22/2021 1:00,11.74,6,,,
1690,10/22/2021 2:00,11.74,6.06,,,
1691,10/22/2021 3:00,11.69,6.12,,,
1692,10/22/2021 4:00,11.65,6.2,,,
1693,10/22/2021 5:00,11.64,6.3,,,
1694,10/22/2021 6:00,11.62,6.28,,,
1695,10/22/2021 7:00,11.64,6.28,,,
1696,10/22/2021 8:00,11.62,6.3,,,
1697,10/22/2021 9:00,11.63,6.32,,,
1698,10/22/2021 10:00,11.66,6.26,,,
1699,10/22/2021 11:00,11.64,6.3,,,
1700,10/22/2021 12:00,11.63,6.34,,,
1701,10/22/2021 13:00,11.6,6.46,,,
1702,10/22/2021 14:00,11.55,6.66,,,
1703,10/22/2021 15:00,11.53,6.76,,,
1704,10/22/2021 16:00,11.49,6.84,,,
1705,10/22/2021 17:00,11.53,6.82,,,
1706,10/22/2021 18:00,11.48,6.76,,,
1707,10/22/2021 19:00,11.54,6.68,,,
1708,10/22/2021 20:00,11.56,6.6,,,
1709,10/22/2021 21:00,11.58,6.54,,,
1710,10/22/2021 22:00,11.51,6.48,,,
1711,10/22/2021 23:00,11.6,6.44,,,
1712,10/23/2021 0:00,11.6,6.42,,,
1713,10/23/2021 1:00,11.63,6.38,,,
1714,10/23/2021 2:00,11.6,6.36,,,
1715,10/23/2021 3:00,11.64,6.34,,,
1716,10/23/2021 4:00,11.6,6.32,,,
1717,10/23/2021 5:00,11.64,6.3,,,
1718,10/23/2021 6:00,11.65,6.28,,,
1719,10/23/2021 7:00,11.66,6.22,,,
1720,10/23/2021 8:00,11.65,6.2,,,
1721,10/23/2021 9:00,11.68,6.18,,,
1722,10/23/2021 10:00,11.69,6.18,,,
1723,10/23/2021 11:00,11.69,6.2,,,
1724,10/23/2021 12:00,11.64,6.34,,,
1725,10/23/2021 13:00,11.63,6.4,,,
1726,10/23/2021 14:00,11.58,6.54,,,
1727,10/23/2021 15:00,11.53,6.66,,,
1728,10/23/2021 16:00,11.53,6.66,,,
1729,10/23/2021 17:00,11.54,6.56,,,
1730,10/23/2021 18:00,11.55,6.5,,,
1731,10/23/2021 19:00,11.57,6.4,,,
1732,10/23/2021 20:00,11.6,6.34,,,
1733,10/23/2021 21:00,11.63,6.28,,,
1734,10/23/2021 22:00,11.63,6.24,,,
1735,10/23/2021 23:00,11.64,6.22,,,
1736,10/24/2021 0:00,11.64,6.2,,,
1737,10/24/2021 1:00,11.64,6.16,,,
1738,10/24/2021 2:00,11.67,6.14,,,
1739,10/24/2021 3:00,11.68,6.1,,,
1740,10/24/2021 4:00,11.66,6.06,,,
1741,10/24/2021 5:00,11.68,6.04,,,
1742,10/24/2021 6:00,11.68,5.98,,,
1743,10/24/2021 7:00,11.68,5.94,,,
1744,10/24/2021 8:00,11.69,5.84,,,
1745,10/24/2021 9:00,11.75,5.7,,,
1746,10/24/2021 10:00,11.74,5.72,,,
1747,10/24/2021 11:00,11.72,5.82,,,
1748,10/24/2021 12:00,11.64,5.98,,,
1749,10/24/2021 13:00,11.58,6.16,,,
1750,10/24/2021 14:00,11.51,6.32,,,
1751,10/24/2021 15:00,11.44,6.42,,,
1752,10/24/2021 16:00,11.44,6.42,,,
1753,10/24/2021 17:00,11.43,6.38,,,
1754,10/24/2021 18:00,11.43,6.34,,,
1755,10/24/2021 19:00,11.45,6.32,,,
1756,10/24/2021 20:00,11.47,6.26,,,
1757,10/24/2021 21:00,11.49,6.18,,,
1758,10/24/2021 22:00,11.52,6.12,,,
1759,10/24/2021 23:00,11.53,6.08,,,
1760,10/25/2021 0:00,11.55,6.04,,,
1761,10/25/2021 1:00,11.56,6,,,
1762,10/25/2021 2:00,11.56,5.98,,,
1763,10/25/2021 3:00,11.59,5.96,,,
1764,10/25/2021 4:00,11.59,5.94,,,
1765,10/25/2021 5:00,11.62,5.9,,,
1766,10/25/2021 6:00,11.65,5.8,,,
1767,10/25/2021 7:00,11.66,5.74,,,
1768,10/25/2021 8:00,11.68,5.72,,,
1769,10/25/2021 9:00,11.69,5.74,,,
1770,10/25/2021 10:00,11.7,5.76,,,
1771,10/25/2021 11:00,11.68,5.8,,,
1772,10/25/2021 12:00,11.68,5.84,,,
1773,10/25/2021 13:00,11.66,5.92,,,
1774,10/25/2021 14:00,11.66,5.94,,,
1775,10/25/2021 15:00,11.64,5.94,,,
1776,10/25/2021 16:00,11.65,5.94,,,
1777,10/25/2021 17:00,11.64,5.94,,,
1778,10/25/2021 18:00,11.65,5.96,,,
1779,10/25/2021 19:00,11.66,5.94,,,
1780,10/25/2021 20:00,11.64,5.92,,,
1781,10/25/2021 21:00,11.65,5.9,,,
1782,10/25/2021 22:00,11.69,5.86,,,
1783,10/25/2021 23:00,11.69,5.86,,,
1784,10/26/2021 0:00,11.72,5.86,,,
1785,10/26/2021 1:00,11.69,5.86,,,
1786,10/26/2021 2:00,11.68,5.88,,,
1787,10/26/2021 3:00,11.69,5.88,,,
1788,10/26/2021 4:00,11.7,5.86,,,
1789,10/26/2021 5:00,11.72,5.84,,,
1790,10/26/2021 6:00,11.73,5.82,,,
1791,10/26/2021 7:00,11.75,5.8,,,
1792,10/26/2021 8:00,11.76,5.76,,,
1793,10/26/2021 9:00,11.77,5.74,,,
1794,10/26/2021 10:00,11.78,5.78,,,
1795,10/26/2021 11:00,11.8,5.84,,,
1796,10/26/2021 12:00,11.78,5.9,,,
1797,10/26/2021 13:00,11.75,5.94,,,
1798,10/26/2021 14:00,11.75,5.94,,,
1799,10/26/2021 15:00,11.74,5.94,,,
1800,10/26/2021 16:00,11.73,5.94,,,
1801,10/26/2021 17:00,11.7,5.92,,,
1802,10/26/2021 18:00,11.7,5.9,,,
1803,10/26/2021 19:00,11.73,5.84,,,
1804,10/26/2021 20:00,11.72,5.8,,,
1805,10/26/2021 21:00,11.76,5.78,,,
1806,10/26/2021 22:00,11.76,5.74,,,
1807,10/26/2021 23:00,11.75,5.7,,,
1808,10/27/2021 0:00,11.78,5.66,,,
1809,10/27/2021 1:00,11.82,5.64,,,
1810,10/27/2021 2:00,11.83,5.6,,,
1811,10/27/2021 3:00,11.86,5.58,,,
1812,10/27/2021 4:00,11.92,5.48,,,
1813,10/27/2021 5:00,11.95,5.36,,,
1814,10/27/2021 6:00,12.03,5.18,,,
1815,10/27/2021 7:00,12.06,5.08,,,
1816,10/27/2021 8:00,12.13,4.94,,,
1817,10/27/2021 9:00,12.19,4.86,,,
1818,10/27/2021 10:00,12.2,4.9,,,
1819,10/27/2021 11:00,12.14,5.1,,,
1820,10/27/2021 12:00,12.1,5.3,,,
1821,10/27/2021 13:00,12.05,5.46,,,
1822,10/27/2021 14:00,11.99,5.64,,,
1823,10/27/2021 15:00,11.95,5.74,,,
1824,10/27/2021 16:00,11.9,5.78,,,
1825,10/27/2021 17:00,11.92,5.8,,,
1826,10/27/2021 18:00,11.95,5.76,,,
1827,10/27/2021 19:00,12,5.54,,,
1828,10/27/2021 20:00,12.08,5.34,,,
1829,10/27/2021 21:00,12.19,5.08,,,
1830,10/27/2021 22:00,12.25,4.92,,,
1831,10/27/2021 23:00,12.27,4.86,,,
1832,10/28/2021 0:00,12.28,4.84,,,
1833,10/28/2021 1:00,12.26,4.86,,,
1834,10/28/2021 2:00,12.31,4.7,,,
1835,10/28/2021 3:00,12.38,4.52,,,
1836,10/28/2021 4:00,12.42,4.38,,,
1837,10/28/2021 5:00,12.42,4.28,,,
1838,10/28/2021 6:00,12.46,4.24,,,
1839,10/28/2021 7:00,12.42,4.24,,,
1840,10/28/2021 8:00,12.42,4.26,,,
1841,10/28/2021 9:00,12.4,4.28,,,
1842,10/28/2021 10:00,12.41,4.3,,,
1843,10/28/2021 11:00,12.39,4.36,,,
1844,10/28/2021 12:00,12.37,4.42,,,
1845,10/28/2021 13:00,12.34,4.46,,,
1846,10/28/2021 14:00,12.3,4.48,,,
1847,10/28/2021 15:00,12.31,4.5,,,
1848,10/28/2021 16:00,12.29,4.52,,,
1849,10/28/2021 17:00,12.31,4.48,,,
1850,10/28/2021 18:00,12.34,4.36,,,
1851,10/28/2021 19:00,12.37,4.28,,,
1852,10/28/2021 20:00,12.34,4.3,,,
1853,10/28/2021 21:00,12.34,4.32,,,
1854,10/28/2021 22:00,12.35,4.32,,,
1855,10/28/2021 23:00,12.34,4.32,,,
1856,10/29/2021 0:00,12.36,4.32,,,
1857,10/29/2021 1:00,12.35,4.32,,,
1858,10/29/2021 2:00,12.35,4.32,,,
1859,10/29/2021 3:00,12.36,4.3,,,
1860,10/29/2021 4:00,12.37,4.28,,,
1861,10/29/2021 5:00,12.38,4.26,,,
1862,10/29/2021 6:00,12.38,4.22,,,
1863,10/29/2021 7:00,12.4,4.18,,,
1864,10/29/2021 8:00,12.4,4.14,,,
1865,10/29/2021 9:00,12.45,4.1,,,
1866,10/29/2021 10:00,12.45,4.12,,,
1867,10/29/2021 11:00,12.47,4.16,,,
1868,10/29/2021 12:00,12.42,4.2,,,
1869,10/29/2021 13:00,12.39,4.34,,,
1870,10/29/2021 14:00,12.37,4.48,,,
1871,10/29/2021 15:00,12.37,4.44,,,
1872,10/29/2021 16:00,12.45,4.3,,,
1873,10/29/2021 17:00,12.44,4.32,,,
1874,10/29/2021 18:00,12.52,4.08,,,
1875,10/29/2021 19:00,12.69,3.68,,,
1876,10/29/2021 20:00,12.8,3.38,,,
1877,10/29/2021 21:00,12.91,3.1,,,
1878,10/29/2021 22:00,13,2.88,,,
1879,10/29/2021 23:00,13.11,2.6,,,
1880,10/30/2021 0:00,13.17,2.38,,,
1881,10/30/2021 1:00,13.29,2.16,,,
1882,10/30/2021 2:00,13.37,1.96,,,
1883,10/30/2021 3:00,13.42,1.8,,,
1884,10/30/2021 4:00,13.48,1.66,,,
1885,10/30/2021 5:00,13.56,1.5,,,
1886,10/30/2021 6:00,13.61,1.36,,,
1887,10/30/2021 7:00,13.68,1.2,,,
1888,10/30/2021 8:00,13.72,1.06,,,
1889,10/30/2021 9:00,13.75,1.02,,,
1890,10/30/2021 10:00,13.76,1.04,,,
1891,10/30/2021 11:00,13.7,1.14,,,
1892,10/30/2021 12:00,13.7,1.18,,,
1893,10/30/2021 13:00,13.64,1.38,,,
1894,10/30/2021 14:00,13.51,1.62,,,
1895,10/30/2021 15:00,13.44,1.84,,,
1896,10/30/2021 16:00,13.33,2,,,
1897,10/30/2021 17:00,13.28,2.06,,,
1898,10/30/2021 18:00,13.38,1.94,,,
1899,10/30/2021 19:00,13.37,1.86,,,
1900,10/30/2021 20:00,13.4,1.78,,,
1901,10/30/2021 21:00,13.44,1.68,,,
1902,10/30/2021 22:00,13.5,1.54,,,
1903,10/30/2021 23:00,13.58,1.4,,,
1904,10/31/2021 0:00,13.61,1.26,,,
1905,10/31/2021 1:00,13.69,1.1,,,
1906,10/31/2021 2:00,13.73,0.96,,,
1907,10/31/2021 3:00,13.74,0.86,,,
1908,10/31/2021 4:00,13.8,0.74,,,
1909,10/31/2021 5:00,13.85,0.64,,,
1910,10/31/2021 6:00,13.89,0.54,,,
1911,10/31/2021 7:00,13.91,0.48,,,
1912,10/31/2021 8:00,13.94,0.38,,,
1913,10/31/2021 9:00,13.99,0.32,,,
1914,10/31/2021 10:00,13.97,0.3,,,
1915,10/31/2021 11:00,13.96,0.32,,,
1916,10/31/2021 12:00,13.89,0.5,,,
1917,10/31/2021 13:00,13.78,0.8,,,
1918,10/31/2021 14:00,13.63,1.12,,,
1919,10/31/2021 15:00,13.51,1.4,,,
1920,10/31/2021 16:00,13.4,1.64,,,
1921,10/31/2021 17:00,13.32,1.78,,,
1922,10/31/2021 18:00,13.37,1.66,,,
1923,10/31/2021 19:00,13.38,1.62,,,
1924,10/31/2021 20:00,13.4,1.58,,,
1925,10/31/2021 21:00,13.43,1.5,,,
1926,10/31/2021 22:00,13.47,1.42,,,
1927,10/31/2021 23:00,13.5,1.3,,,
1928,11/1/2021 0:00,13.54,1.22,,,
1929,11/1/2021 1:00,13.59,1.1,,,
1930,11/1/2021 2:00,13.62,0.98,,,
1931,11/1/2021 3:00,13.66,0.88,,,
1932,11/1/2021 4:00,13.65,0.82,,,
1933,11/1/2021 5:00,13.72,0.7,,,
1934,11/1/2021 6:00,13.74,0.62,,,
1935,11/1/2021 7:00,13.79,0.56,,,
1936,11/1/2021 8:00,13.83,0.46,,,
1937,11/1/2021 9:00,13.82,0.42,,,
1938,11/1/2021 10:00,13.83,0.42,,,
1939,11/1/2021 11:00,13.79,0.54,,,
1940,11/1/2021 12:00,13.7,0.76,,,
1941,11/1/2021 13:00,13.49,1.08,,,
1942,11/1/2021 14:00,13.44,1.38,,,
1943,11/1/2021 15:00,13.31,1.66,,,
1944,11/1/2021 16:00,13.22,1.88,,,
1945,11/1/2021 17:00,13.16,2.04,,,
1946,11/1/2021 18:00,13.18,1.96,,,
1947,11/1/2021 19:00,13.2,1.92,,,
1948,11/1/2021 20:00,13.19,1.92,,,
1949,11/1/2021 21:00,13.22,1.92,,,
1950,11/1/2021 22:00,13.19,2,,,
1951,11/1/2021 23:00,13.13,2.16,,,
1952,11/2/2021 0:00,13.14,2.22,,,
1953,11/2/2021 1:00,13.11,2.24,,,
1954,11/2/2021 2:00,13.08,2.32,,,
1955,11/2/2021 3:00,13.11,2.3,,,
1956,11/2/2021 4:00,13.07,2.32,,,
1957,11/2/2021 5:00,13.08,2.38,,,
1958,11/2/2021 6:00,13.06,2.44,,,
1959,11/2/2021 7:00,13.04,2.48,,,
1960,11/2/2021 8:00,13.02,2.52,,,
1961,11/2/2021 9:00,12.97,2.54,,,
1962,11/2/2021 10:00,13.06,2.58,,,
1963,11/2/2021 11:00,12.96,2.72,,,
1964,11/2/2021 12:00,12.92,2.9,,,
1965,11/2/2021 13:00,12.83,3.16,,,
1966,11/2/2021 14:00,12.76,3.32,,,
1967,11/2/2021 15:00,12.71,3.46,,,
1968,11/2/2021 16:00,12.62,3.64,,,
1969,11/2/2021 17:00,12.6,3.66,,,
1970,11/2/2021 18:00,12.63,3.58,,,
1971,11/2/2021 19:00,12.65,3.56,,,
1972,11/2/2021 20:00,12.66,3.5,,,
1973,11/2/2021 21:00,12.65,3.48,,,
1974,11/2/2021 22:00,12.67,3.44,,,
1975,11/2/2021 23:00,12.68,3.42,,,
1976,11/3/2021 0:00,12.65,3.44,,,
1977,11/3/2021 1:00,12.65,3.48,,,
1978,11/3/2021 2:00,12.66,3.54,,,
1979,11/3/2021 3:00,12.63,3.56,,,
1980,11/3/2021 4:00,12.65,3.56,,,
1981,11/3/2021 5:00,12.62,3.56,,,
1982,11/3/2021 6:00,12.65,3.54,,,
1983,11/3/2021 7:00,12.66,3.58,,,
1984,11/3/2021 8:00,12.63,3.62,,,
1985,11/3/2021 9:00,12.61,3.7,,,
1986,11/3/2021 10:00,12.62,3.68,,,
1987,11/3/2021 11:00,12.61,3.74,,,
1988,11/3/2021 12:00,12.55,3.8,,,
1989,11/3/2021 13:00,12.57,3.86,,,
1990,11/3/2021 14:00,12.54,3.96,,,
1991,11/3/2021 15:00,12.5,4.04,,,
1992,11/3/2021 16:00,12.47,4.12,,,
1993,11/3/2021 17:00,12.45,4.14,,,
1994,11/3/2021 18:00,12.46,4.12,,,
1995,11/3/2021 19:00,12.45,4.1,,,
1996,11/3/2021 20:00,12.44,4.08,,,
1997,11/3/2021 21:00,12.44,4.1,,,
1998,11/3/2021 22:00,12.38,4.14,,,
1999,11/3/2021 23:00,12.35,4.18,,,
2000,11/4/2021 0:00,12.32,4.24,,,
2001,11/4/2021 1:00,12.31,4.24,,,
2002,11/4/2021 2:00,12.3,4.26,,,
2003,11/4/2021 3:00,12.29,4.28,,,
2004,11/4/2021 4:00,12.25,4.3,,,
2005,11/4/2021 5:00,12.24,4.32,,,
2006,11/4/2021 6:00,12.21,4.36,,,
2007,11/4/2021 7:00,12.21,4.38,,,
2008,11/4/2021 8:00,12.18,4.38,,,
2009,11/4/2021 9:00,12.2,4.38,,,
2010,11/4/2021 10:00,12.18,4.42,,,
2011,11/4/2021 11:00,12.18,4.48,,,
2012,11/4/2021 12:00,12.15,4.54,,,
2013,11/4/2021 13:00,12.14,4.64,,,
2014,11/4/2021 14:00,12.06,4.82,,,
2015,11/4/2021 15:00,12.01,5,,,
2016,11/4/2021 16:00,11.95,5.12,,,
2017,11/4/2021 17:00,11.94,5.18,,,
2018,11/4/2021 18:00,11.95,5.2,,,
2019,11/4/2021 19:00,11.98,5.22,,,
2020,11/4/2021 20:00,11.96,5.22,,,
2021,11/4/2021 21:00,12.01,5.2,,,
2022,11/4/2021 22:00,12,5.2,,,
2023,11/4/2021 23:00,11.98,5.2,,,
2024,11/5/2021 0:00,12.05,5.18,,,
2025,11/5/2021 1:00,12.08,5.14,,,
2026,11/5/2021 2:00,12.13,5.1,,,
2027,11/5/2021 3:00,12.14,5.08,,,
2028,11/5/2021 4:00,12.15,5.04,,,
2029,11/5/2021 5:00,12.18,5,,,
2030,11/5/2021 6:00,12.18,4.94,,,
2031,11/5/2021 7:00,12.19,4.9,,,
2032,11/5/2021 8:00,12.24,4.82,,,
2033,11/5/2021 9:00,12.27,4.68,,,
2034,11/5/2021 10:00,12.31,4.56,,,
2035,11/5/2021 11:00,12.31,4.62,,,
2036,11/5/2021 12:00,12.26,4.7,,,
2037,11/5/2021 13:00,12.19,4.82,,,
2038,11/5/2021 14:00,12.19,4.88,,,
2039,11/5/2021 15:00,12.17,4.86,,,
2040,11/5/2021 16:00,12.25,4.8,,,
2041,11/5/2021 17:00,12.46,4.16,,,
2042,11/5/2021 18:00,12.54,3.9,,,
2043,11/5/2021 19:00,12.58,3.8,,,
2044,11/5/2021 20:00,12.56,3.8,,,
2045,11/5/2021 21:00,12.59,3.8,,,
2046,11/5/2021 22:00,12.59,3.72,,,
2047,11/5/2021 23:00,12.62,3.64,,,
2048,11/6/2021 0:00,12.68,3.56,,,
2049,11/6/2021 1:00,12.7,3.44,,,
2050,11/6/2021 2:00,12.76,3.26,,,
2051,11/6/2021 3:00,12.82,3.12,,,
2052,11/6/2021 4:00,12.88,3,,,
2053,11/6/2021 5:00,12.86,2.94,,,
2054,11/6/2021 6:00,12.93,2.82,,,
2055,11/6/2021 7:00,12.91,2.78,,,
2056,11/6/2021 8:00,12.9,2.8,,,
2057,11/6/2021 9:00,12.91,2.84,,,
2058,11/6/2021 10:00,12.86,2.92,,,
2059,11/6/2021 11:00,12.83,3,,,
2060,11/6/2021 12:00,12.81,3.06,,,
2061,11/6/2021 13:00,12.81,3.1,,,
2062,11/6/2021 14:00,12.76,3.24,,,
2063,11/6/2021 15:00,12.68,3.34,,,
2064,11/6/2021 16:00,12.66,3.42,,,
2065,11/6/2021 17:00,12.61,3.44,,,
2066,11/6/2021 18:00,12.6,3.42,,,
2067,11/6/2021 19:00,12.62,3.4,,,
2068,11/6/2021 20:00,12.63,3.36,,,
2069,11/6/2021 21:00,12.73,3.02,,,
2070,11/6/2021 22:00,12.83,2.8,,,
2071,11/6/2021 23:00,12.96,2.48,,,
2072,11/7/2021 0:00,12.94,2.5,,,
2073,11/7/2021 1:00,12.92,2.6,,,
2074,11/7/2021 2:00,12.85,2.82,,,
2075,11/7/2021 3:00,12.83,2.88,,,
2076,11/7/2021 4:00,12.81,2.92,,,
2077,11/7/2021 5:00,12.81,2.88,,,
2078,11/7/2021 6:00,12.85,2.82,,,
2079,11/7/2021 7:00,12.87,2.82,,,
2080,11/7/2021 8:00,12.88,2.82,,,
2081,11/7/2021 9:00,12.86,2.84,,,
2082,11/7/2021 10:00,12.87,2.84,,,
2083,11/7/2021 11:00,12.86,2.94,,,
2084,11/7/2021 12:00,12.82,3.02,,,
2085,11/7/2021 13:00,12.82,3.04,,,
2086,11/7/2021 14:00,12.81,3.08,,,
2087,11/7/2021 15:00,12.78,3.12,,,
2088,11/7/2021 16:00,12.79,3.14,,,
2089,11/7/2021 17:00,12.78,3.08,,,
2090,11/7/2021 18:00,12.8,3,,,
2091,11/7/2021 19:00,12.8,3,,,
2092,11/7/2021 20:00,12.81,2.96,,,
2093,11/7/2021 21:00,12.87,2.84,,,
2094,11/7/2021 22:00,12.87,2.84,,,
2095,11/7/2021 23:00,12.86,2.9,,,
2096,11/8/2021 0:00,12.86,2.9,,,
2097,11/8/2021 1:00,12.85,2.9,,,
2098,11/8/2021 2:00,12.87,2.86,,,
2099,11/8/2021 3:00,12.91,2.8,,,
2100,11/8/2021 4:00,12.94,2.74,,,
2101,11/8/2021 5:00,12.96,2.7,,,
2102,11/8/2021 6:00,13.02,2.58,,,
2103,11/8/2021 7:00,13.09,2.42,,,
2104,11/8/2021 8:00,13.18,2.24,,,
2105,11/8/2021 9:00,13.21,2.12,,,
2106,11/8/2021 10:00,13.25,2.02,,,
2107,11/8/2021 11:00,13.28,2.04,,,
2108,11/8/2021 12:00,13.21,2.22,,,
2109,11/8/2021 13:00,13.09,2.48,,,
2110,11/8/2021 14:00,13.07,2.6,,,
2111,11/8/2021 15:00,13,2.72,,,
2112,11/8/2021 16:00,12.96,2.8,,,
2113,11/8/2021 17:00,12.94,2.8,,,
2114,11/8/2021 18:00,13,2.7,,,
2115,11/8/2021 19:00,13.01,2.62,,,
2116,11/8/2021 20:00,13.02,2.58,,,
2117,11/8/2021 21:00,13.01,2.58,,,
2118,11/8/2021 22:00,12.99,2.58,,,
2119,11/8/2021 23:00,12.99,2.52,,,
2120,11/9/2021 0:00,13.02,2.46,,,
2121,11/9/2021 1:00,13.02,2.38,,,
2122,11/9/2021 2:00,12.99,2.36,,,
2123,11/9/2021 3:00,13.02,2.26,,,
2124,11/9/2021 4:00,13.03,2.22,,,
2125,11/9/2021 5:00,12.99,2.2,,,
2126,11/9/2021 6:00,12.97,2.2,,,
2127,11/9/2021 7:00,12.98,2.2,,,
2128,11/9/2021 8:00,13,2.16,,,
2129,11/9/2021 9:00,13.02,2.08,,,
2130,11/9/2021 10:00,12.96,2.24,,,
2131,11/9/2021 11:00,12.88,2.4,,,
2132,11/9/2021 12:00,12.87,2.48,,,
2133,11/9/2021 13:00,12.86,2.58,,,
2134,11/9/2021 14:00,12.79,2.74,,,
2135,11/9/2021 15:00,12.77,2.9,,,
2136,11/9/2021 16:00,12.68,3.02,,,
2137,11/9/2021 17:00,12.65,3.12,,,
2138,11/9/2021 18:00,12.7,3.48,,,
2139,11/9/2021 19:00,12.46,4.34,,,
2140,11/9/2021 20:00,12.76,3.56,,,
2141,11/9/2021 21:00,13.19,2.34,,,
2142,11/9/2021 22:00,13.59,1.28,,,
2143,11/9/2021 23:00,13.91,0.46,,,
2144,11/10/2021 0:00,14.14,-0.04,,,
2145,11/10/2021 1:00,14.34,-0.44,,,
2146,11/10/2021 2:00,14.48,-0.74,,,
2147,11/10/2021 3:00,14.56,-0.86,,,
2148,11/10/2021 4:00,14.75,-1.2,,,
2149,11/10/2021 5:00,14.62,-0.66,,,
2150,11/10/2021 6:00,15,-1.6,,,
2151,11/10/2021 7:00,15.57,-2.42,,,
2152,11/10/2021 8:00,15.97,-2.94,,,
2153,11/10/2021 9:00,14.61,-1.22,,,
2154,11/10/2021 10:00,14.12,-0.44,,,
2155,11/10/2021 11:00,13.65,0.38,,,
2156,11/10/2021 12:00,12.57,4.2,,,
2157,11/10/2021 13:00,11.85,5.42,,,
2158,11/10/2021 14:00,11.24,7.62,,,
2159,11/10/2021 15:00,10.72,9.38,,,
2160,11/10/2021 16:00,10.72,8.24,,,
2161,11/10/2021 17:00,10.28,7.68,,,
2162,11/10/2021 18:00,11.13,6.66,,,
2163,11/10/2021 19:00,12.88,5.28,,,
2164,11/10/2021 20:00,12.85,5.6,,,
2165,11/10/2021 21:00,12.5,6.72,,,
2166,11/10/2021 22:00,12.38,7.02,,,
2167,11/10/2021 23:00,12.36,7.02,,,
2168,11/11/2021 0:00,12.37,6.9,,,
2169,11/11/2021 1:00,12.39,6.8,,,
2170,11/11/2021 2:00,12.44,6.7,,,
2171,11/11/2021 3:00,12.45,6.64,,,
2172,11/11/2021 4:00,12.48,6.56,,,
2173,11/11/2021 5:00,12.51,6.5,,,
2174,11/11/2021 6:00,12.52,6.42,,,
2175,11/11/2021 7:00,12.56,6.36,,,
2176,11/11/2021 8:00,12.56,6.34,,,
2177,11/11/2021 9:00,12.57,6.32,,,
2178,11/11/2021 10:00,12.56,6.36,,,
2179,11/11/2021 11:00,12.51,6.56,,,
2180,11/11/2021 12:00,12.4,6.92,,,
2181,11/11/2021 13:00,12.25,7.42,,,
2182,11/11/2021 14:00,12.07,7.94,,,
2183,11/11/2021 15:00,11.95,8.36,,,
2184,11/11/2021 16:00,11.86,8.58,,,
2185,11/11/2021 17:00,11.83,8.62,,,
2186,11/11/2021 18:00,11.84,8.58,,,
2187,11/11/2021 19:00,11.84,8.46,,,
2188,11/11/2021 20:00,11.87,8.34,,,
2189,11/11/2021 21:00,11.92,8.18,,,
2190,11/11/2021 22:00,11.95,8.08,,,
2191,11/11/2021 23:00,11.97,8,,,
2192,11/12/2021 0:00,12,7.94,,,
2193,11/12/2021 1:00,12,7.88,,,
2194,11/12/2021 2:00,12.03,7.84,,,
2195,11/12/2021 3:00,12.01,7.82,,,
2196,11/12/2021 4:00,12.03,7.8,,,
2197,11/12/2021 5:00,12.03,7.8,,,
2198,11/12/2021 6:00,12.05,7.82,,,
2199,11/12/2021 7:00,12.03,7.9,,,
2200,11/12/2021 8:00,11.98,8.08,,,
2201,11/12/2021 9:00,11.94,8.26,,,
2202,11/12/2021 9:31,,,Logged,,
2203,11/12/2021 9:31,,,,Logged,Logged
